"","Kingdom","Phylum","Class","Order","Family","Genus","Species","Sequence","OTU","Pool_name","Longer_name"
"Otu0016","Bacteria","Proteobacteria","Gammaproteobacteria","Enterobacterales","Enterobacteriaceae","Family_Enterobacteriaceae","Family_Enterobacteriaceae","TACGGAGGGTGCAAGCGTTAATCGGAATTACTGGGCGTAAAGCGCACGCAGGCGGTCTGTCAAGTCGGATGTGAAATCCCCGGGCTCAACCTGGGAACTGCATTCGAAACTGGCAGGCTAGAGTCTTGTAGAGGGGGGTAGAATTCCAGGTGTAGCGGTGAAATGCGTAGAGATCTGGAGGAATACCGGTGGCGAAGGCGGCCTCCTGGACGAAGACTGACGCTCAGGTGCGAAAGCGTGGGGAGCAAACAGG","Otu0016","",""
"Otu0023","Bacteria","Proteobacteria","Gammaproteobacteria","Enterobacterales","Enterobacteriaceae","Kosakonia","Genus_Kosakonia","TACGGAGGGTGCAAGCGTTAATCGGAATTACTGGGCGTAAAGCGCACGCAGGCGGTCTGTCAAGTCGGATGTGAAATCCCCGGGCTCAACCTGGGAACTGCATCCGAAACTGGCAGGCTTGAGTCTCGTAGAGGGGGGTAGAATTCCAGGTGTAGCGGTGAAATGCGTAGAGATCTGGAGGAATACCGGTGGCGAAGGCGGCCTCCTGGACGAAGACTGACGCTCAGGTGCGAAAGCGTGGGGAGCAAACAGG","Otu0023","",""
"Otu0031","Bacteria","Proteobacteria","Alphaproteobacteria","Rhizobiales","Xanthobacteraceae","Bradyrhizobium","Genus_Bradyrhizobium","TACGAAGGGGGCTAGCGTTGCTCGGAATCACTGGGCGTAAAGGGTGCGTAGGCGGGTTTTTAAGTCAGGGGTGAAATCCTGGAGCTCAACTCCAGAACTGCCTTTGATACTGAAGATCTTGAGTCCGGGAGAGGTGAGTGGAACTGCGAGTGTAGAGGTGAAATTCGTAGATATTCGCAAGAACACCAGTGGCGAAGGCGGCTCACTGGCCCGGTACTGACGCTGAGGCACGAAAGCGTGGGGAGCAAACAGG","Otu0031","",""
"Otu0036","Bacteria","Proteobacteria","Gammaproteobacteria","Xanthomonadales","Xanthomonadaceae","Stenotrophomonas","pavanii","TACGGAGGGTGCAAGCGTTAATCGGAATTACTGGGCGTAAAGCGCACGCAGGCGGTCTGTCAAGTCGGATGTGAAATCCCCGGGCTCAACCTGGGAACTGCAGTGGATACTGGGCGACTAGAGTGTGGTAGAGGGTAGCGGAATTCCTGGTGTAGCAGTGAAATGCGTAGAGATCAGGAGGAACATCCATGGCGAAGGCAGCTACCTGGACCAACACTGACACTGAGGCACGAAAGCGTGGGGAGCAAACAGG","Otu0036","",""
"Otu0038","Bacteria","Proteobacteria","Gammaproteobacteria","Enterobacterales","Enterobacteriaceae","Citrobacter","amalonaticus","TACGGAGGGTGCAAGCGTTAATCGGAATTACTGGGCGTAAAGCGCACGCAGGCGGTCTGTCAAGTCGGATGTGAAATCCCCGGGCTCAACCTGGGAACTGCATTCGAAACTGGCAGGCTTGAGTCTCGTAGAGGGGGGTAGAATTCCAGGTGTAGCGGTGAAATGCGTAGAGATCTGGAGGAATACCGGTGGCGAAGGCGGCCCCCTGGACGAAGACTGACGCTCAGGTGCGAAAGCGTGGGGAGCAAACAGG","Otu0038","",""
"Otu0043","Bacteria","Proteobacteria","Gammaproteobacteria","Enterobacterales","Enterobacteriaceae","Kosakonia","Genus_Kosakonia","TACGAAGGGTGCAAGCGTTAATCGGAATTACTGGGCGTAAAGCGCGCGTAGGTGGCTTGATAAGTCGGATGTGAAATCCCCGGGCTCAACCTGGGAACTGCATTCGAAACTGGCAGGCTGGAGTCTCGTAGAGGGAGGTAGAATTCCAGGTGTAGCGGTGAAATGCGTAGAGATCTGGAGGAATACCGGTGGCGAAGGCGGCCTCCTGGACGAAGACTGACGCTCAGGTGCGAAAGCGTGGGGAGCAAACAGG","Otu0043","",""
"Otu0044","Bacteria","Proteobacteria","Gammaproteobacteria","Pseudomonadales","Pseudomonadaceae","Pseudomonas","psychrotolerans","TACGGAGGGTGCAAGCGTTAATCGGAATTACTGGGCGTAAAGCGCACGCAGGCGGTCTGTCAAGTCGGATGTGAAATCCCCGGGCTCAACCTGGGAACTGCATCCAAAACTGTCTGGCTAGAGTGCGGTAGAGGGTAGTGGAATTTCCAGTGTAGCGGTGAAATGCGTAGATATTGGAAGGAACACCAGTGGCGAAGGCGACTACCTGGACTGACACTGACACTGAGGTGCGAAAGCGTGGGGAGCAAACAGG","Otu0044","",""
"Otu0049","Bacteria","Proteobacteria","Gammaproteobacteria","Pseudomonadales","Pseudomonadaceae","Pseudomonas","psychrotolerans","TACGGAGGGTGCAAGCGTTAATCGGAATTACTGGGCGTAAAGCGCGCGTAGGTGGCTTGATAAGTTGGATGTGAAATCCCCGGGCTCAACCTGGGAACTGCATCCAAAACTGTCTGGCTAGAGTGCGGTAGAGGGTAGTGGAATTTCCAGTGTAGCGGTGAAATGCGTAGATATTGGAAGGAACACCAGTGGCGAAGGCGACTACCTGGACTGACACTGACACTGAGGTGCGAAAGCGTGGGGAGCAAACAGG","Otu0049","",""
"Otu0052","Bacteria","Proteobacteria","Gammaproteobacteria","Pseudomonadales","Pseudomonadaceae","Pseudomonas","psychrotolerans","TACGGAGGGTGCAAGCGTTAATCGGAATTACTGGGCGTAAAGCGCACGCAGGCGGTCTGTCAAGTTGGATGTGAAATCCCCGGGCTCAACCTGGGAACTGCATCCAAAACTGTCTGGCTAGAGTGCGGTAGAGGGTAGTGGAATTTCCAGTGTAGCGGTGAAATGCGTAGATATTGGAAGGAACACCAGTGGCGAAGGCGACTACCTGGACTGACACTGACACTGAGGTGCGAAAGCGTGGGGAGCAAACAGG","Otu0052","",""
"Otu0056","Bacteria","Proteobacteria","Gammaproteobacteria","Enterobacterales","Enterobacteriaceae","Kosakonia","Genus_Kosakonia","TACGAAGGGGGCTAGCGTTGCTCGGAATTACTGGGCGTAAAGCGCACGCAGGCGGTCTGTCAAGTCGGATGTGAAATCCCCGGGCTCAACCTGGGAACTGCATTCGAAACTGGCAGGCTGGAGTCTCGTAGAGGGAGGTAGAATTCCAGGTGTAGCGGTGAAATGCGTAGAGATCTGGAGGAATACCGGTGGCGAAGGCGGCCTCCTGGACGAAGACTGACGCTCAGGTGCGAAAGCGTGGGGAGCAAACAGG","Otu0056","",""
"Otu0061","Bacteria","Firmicutes","Bacilli","Lactobacillales","Enterococcaceae","Enterococcus","faecium","TACGTAGGTGGCAAGCGTTGTCCGGATTTATTGGGCGTAAAGCGAGCGCAGGCGGTTTCTTAAGTCTGATGTGAAAGCCCCCGGCTCAACCGGGGAGGGTCATTGGAAACTGGGAGACTTGAGTGCAGAAGAGGAGAGTGGAATTCCATGTGTAGCGGTGAAATGCGTAGATATATGGAGGAACACCAGTGGCGAAGGCGGCTCTCTGGTCTGTAACTGACGCTGAGGCTCGAAAGCGTGGGGAGCAAACAGG","Otu0061","",""
"Otu0069","Bacteria","Proteobacteria","Alphaproteobacteria","Acetobacterales","Acetobacteraceae","Acetobacter","Genus_Acetobacter","TACGAAGGGGGCTAGCGTTGCTCGGAATGACTGGGCGTAAAGGGCGTGTAGGCGGTTTGTACAGTCAGATGTGAAATCCCCGGGCTTAACCTGGGAGCTGCATTTGAGACGTGCAGACTAGAGTGTGAGAGAGGGTTGTGGAATTCCCAGTGTAGAGGTGAAATTCGTAGATATTGGGAAGAACACCGGTGGCGAAGGCGGCAACCTGGCTCATTACTGACGCTGAGGCGCGAAAGCGTGGGGAGCAAACAGG","Otu0069","",""
"Otu0070","Bacteria","Proteobacteria","Gammaproteobacteria","Enterobacterales","Order_Enterobacterales","Order_Enterobacterales","Order_Enterobacterales","TACGGAGGGTGCAAGCGTTAATCGGAATTACTGGGCGTAAAGCGCACGCAGGCGGTCTGTTAAGTCAGATGTGAAATCCCCGGGCTTAACCTGGGAACTGCATTTGAAACTGGCAGGCTGGAGTCTCGTAGAGGGAGGTAGAATTCCAGGTGTAGCGGTGAAATGCGTAGAGATCTGGAGGAATACCGGTGGCGAAGGCGGCCTCCTGGACGAAGACTGACGCTCAGGTGCGAAAGCGTGGGGAGCAAACAGG","Otu0070","",""
"Otu0079","Bacteria","Proteobacteria","Gammaproteobacteria","Enterobacterales","Erwiniaceae","Pantoea","Genus_Pantoea","TACGGAGGGTGCAAGCGTTAATCGGAATTACTGGGCGTAAAGCGCACGCAGGCGGTCTGTCAAGTCAGATGTGAAATCCCCGGGCTTAACCTGGGAACTGCATTTGAAACTGGCAGGCTTGAGTCTCGTAGAGGGGGGTAGAATTCCAGGTGTAGCGGTGAAATGCGTAGAGATCTGGAGGAATACCGGTGGCGAAGGCGGCCCCCTGGACGAAGACTGACGCTCAGGTGCGAAAGCGTGGGGAGCAAACAGG","Otu0079","",""
"Otu0080","Bacteria","Proteobacteria","Gammaproteobacteria","Enterobacterales","Erwiniaceae","Pantoea","Genus_Pantoea","TACGGAGGGTGCAAGCGTTAATCGGAATTACTGGGCGTAAAGCGCACGCAGGCGGTCTGTTAAGTCAGATGTGAAATCCCCGGGCTTAACCTGGGAACTGCATTTGAAACTGGCAGGCTTGAGTCTCGTAGAGGGGGGTAGAATTCCAGGTGTAGCGGTGAAATGCGTAGAGATCTGGAGGAATACCGGTGGCGAAGGCGGCCCCCTGGACAAAGACTGACGCTCAGGTGCGAAAGCGTGGGGAGCAAACAGG","Otu0080","",""
"Otu0084","Bacteria","Proteobacteria","Gammaproteobacteria","Enterobacterales","Enterobacteriaceae","Kosakonia","Genus_Kosakonia","TACGAAGGGGGCTAGCGTTGCTCGGAATGACTGGGCGTAAAGCGCACGCAGGCGGTCTGTCAAGTCGGATGTGAAATCCCCGGGCTCAACCTGGGAACTGCATTCGAAACTGGCAGGCTGGAGTCTCGTAGAGGGAGGTAGAATTCCAGGTGTAGCGGTGAAATGCGTAGAGATCTGGAGGAATACCGGTGGCGAAGGCGGCCTCCTGGACGAAGACTGACGCTCAGGTGCGAAAGCGTGGGGAGCAAACAGG","Otu0084","",""
"Otu0086","Bacteria","Proteobacteria","Gammaproteobacteria","Enterobacterales","Order_Enterobacterales","Order_Enterobacterales","Order_Enterobacterales","TACGGAGGGTGCAAGCGTTAATCGGAATTACTGGGCGTAAAGCGCACGCAGGCGGTCTGTCAAGTCGGATGTGAAATCCCCGGGCTCAACCTGGGAACTGCATCCGAAACTGGCAGGCTTGAGTCTCGTAGAGGGGGGTAGAATTCCAGGTGTAGCGGTGAAATGCGTAGAGATCAGGAGGAACATCCATGGCGAAGGCAGCTACCTGGACCAACACTGACACTGAGGCACGAAAGCGTGGGGAGCAAACAGG","Otu0086","",""
"Otu0088","Bacteria","Proteobacteria","Gammaproteobacteria","Burkholderiales","Burkholderiaceae","Ralstonia","insidiosa","TACGTAGGGTCCAAGCGTTAATCGGAATTACTGGGCGTAAAGCGTGCGCAGGCGGTTGTGCAAGACCGATGTGAAATCCCCGGGCTTAACCTGGGAATTGCATTGGTGACTGCACGGCTAGAGTGTGTCAGAGGGGGGTAGAATTCCACGTGTAGCAGTGAAATGCGTAGAGATGTGGAGGAATACCGATGGCGAAGGCAGCCCCCTGGGATAACACTGACGCTCATGCACGAAAGCGTGGGGAGCAAACAGG","Otu0088","",""
"Otu0092","Bacteria","Proteobacteria","Gammaproteobacteria","Enterobacterales","Enterobacteriaceae","Family_Enterobacteriaceae","Family_Enterobacteriaceae","TACGGAGGGTGCAAGCGTTAATCGGAATTACTGGGCGTAAAGCGCACGCAGGCGGTCTGTCAAGTCGGATGTGAAATCCCCGGGCTCAACCTGGGAACTGCATTTGAAACTGGCAGGCTTGAGTCTCGTAGAGGGGGGTAGAATTCCAGGTGTAGCGGTGAAATGCGTAGAGATCTGGAGGAATACCGGTGGCGAAGGCGGCCCCCTGGACGAAGACTGACGCTCAGGTGCGAAAGCGTGGGGAGCAAACAGG","Otu0092","",""
"Otu0096","Bacteria","Proteobacteria","Gammaproteobacteria","Xanthomonadales","Xanthomonadaceae","Stenotrophomonas","maltophilia","TACGAAGGGTGCAAGCGTTACTCGGAATTACTGGGCGTAAAGCGTGCGTAGGTGGTCGTTTAAGTCTGTTGTGAAAGCCCTGGGCTCAACCTGGGAACTGCAGTGGAAACTGGACGACTAGAGTGTGGTAGAGGGTAGCGGAATTCCTGGTGTAGCAGTGAAATGCGTAGAGATCAGGAGGAACATCCATGGCGAAGGCAGCTACCTGGACCAACACTGACACTGAGGCACGAAAGCGTGGGGAGCAAACAGG","Otu0096","",""
"Otu0116","Bacteria","Proteobacteria","Gammaproteobacteria","Pseudomonadales","Pseudomonadaceae","Pseudomonas","aeruginosa","TACGAAGGGTGCAAGCGTTAATCGGAATTACTGGGCGTAAAGCGCGCGTAGGTGGTTCAGCAAGTTGGATGTGAAATCCCCGGGCTCAACCTGGGAACTGCATCCAAAACTACTGAGCTAGAGTACGGTAGAGGGTGGTGGAATTTCCTGTGTAGCGGTGAAATGCGTAGATATAGGAAGGAACACCAGTGGCGAAGGCGACCACCTGGACTGATACTGACACTGAGGTGCGAAAGCGTGGGGAGCAAACAGG","Otu0116","",""
"Otu0121","Bacteria","Proteobacteria","Gammaproteobacteria","Enterobacterales","Orbaceae","Family_Orbaceae","Family_Orbaceae","TACGGAGGGTGCGAGCGTTAATCGGAATGACTGGGCGTAAAGGGCATGTAGGCGGATGATTAAGTTAGATGTGAAATCCCTGGGCTTAACCTAGGAATTGCATTTAAAACTGGTTATCTAGAGTATTGTAGAGGAAGGTAGAATTCCATGTGTAGCGGTGAAATGCGTAGAGATGTGGAGGAATACCGGTGGCGAAGGCGGCCTTCTGGACAGATACTGACGCTGAGATGCGAAAGCGTGGGGAGCAAACAGG","Otu0121","",""
"Otu0137","Bacteria","Proteobacteria","Gammaproteobacteria","Burkholderiales","Burkholderiaceae","Ralstonia","pickettii","TACGTAGGGTCCAAGCGTTAATCGGAATTACTGGGCGTAAAGCGTGCGCAGGCGGTTGTGCAAGACCGATGTGAAATCCCCGAGCTTAACTTGGGAATTGCATTGGTGACTGCACGGCTAGAGTGTGTCAGAGGGGGGTAGAATTCCACGTGTAGCAGTGAAATGCGTAGAGATGTGGAGGAATACCGATGGCGAAGGCAGCCCCCTGGGATAACACTGACGCTCATGCACGAAAGCGTGGGGAGCAAACAGG","Otu0137","",""
"Otu0138","Bacteria","Proteobacteria","Alphaproteobacteria","Caulobacterales","Caulobacteraceae","Caulobacter","Genus_Caulobacter","TACGAAGGGGGCTAGCGTTGCTCGGAATTACTGGGCGTAAAGGGAGCGTAGGCGGATAGTTTAGTCAGAGGTGAAAGCCCAGGGCTCAACCTTGGAATTGCCCTTGATACTGGCTATCTTGAGTACGGAAGAGGTATGTGGAACTCCGAGTGTAGAGGTGAAATTCGTAGATATTCGGAAGAACACCAGTGGCGAAGGCGACATACTGGTCCGTTACTGACGCTGAGGCTCGAAAGCGTGGGGAGCAAACAGG","Otu0138","",""
"Otu0147","Bacteria","Proteobacteria","Gammaproteobacteria","Enterobacterales","Enterobacteriaceae","Family_Enterobacteriaceae","Family_Enterobacteriaceae","TACGGAGGGTGCAAGCGTTAATCGGAATTACTGGGCGTAAAGCGCACGCAGGCGGTCTGTCAAGTTGGATGTGAAATCCCCGGGCTCAACCTGGGAACTGCATCCAAAACTGTCTGGCTAGAGTGCGGTAGAGGGTAGTGGAATTTCCAGTGTAGCGGTGAAATGCGTAGAGATCTGGAGGAATACCGGTGGCGAAGGCGGCCTCCTGGACGAAGACTGACGCTCAGGTGCGAAAGCGTGGGGAGCAAACAGG","Otu0147","",""
"Otu0152","Bacteria","Proteobacteria","Gammaproteobacteria","Burkholderiales","Burkholderiaceae","Cupriavidus","necator","TACGTAGGGTGCGAGCGTTAATCGGAATTACTGGGCGTAAAGCGTGCGCAGGCGGTTTTGTAAGACAGGCGTGAAATCCCCGAGCTCAACTTGGGAATGGCGCTTGTGACTGCAAGGCTAGAGTATGTCAGAGGGGGGTAGAATTCCACGTGTAGCAGTGAAATGCGTAGAGATGTGGAGGAATACCGATGGCGAAGGCAGCCCCCTGGGACGTCACTGACGCTCATGCACGAAAGCGTGGGGAGCAAACAGG","Otu0152","",""
"Otu0157","Bacteria","Proteobacteria","Alphaproteobacteria","Sphingomonadales","Sphingomonadaceae","Novosphingobium","resinovorum","TACGGAGGGAGCTAGCGTTGTTCGGAATTACTGGGCGTAAAGCGCGCGTAGGCGGTTACTCAAGTCAGAGGTGAAAGCCCGGGGCTCAACCCCGGAACTGCCTTTGAAACTAGGTGACTAGAATCTTGGAGAGGTCAGTGGAATTCCGAGTGTAGAGGTGAAATTCGTAGATATTCGGAAGAACACCAGTGGCGAAGGCGACTGACTGGACAAGTATTGACGCTGAGGTGCGAAAGCGTGGGGAGCAAACAGG","Otu0157","",""
"Otu0158","Bacteria","Proteobacteria","Gammaproteobacteria","Enterobacterales","Enterobacteriaceae","Family_Enterobacteriaceae","Family_Enterobacteriaceae","TACGAAGGGTGCAAGCGTTACTCGGAATTACTGGGCGTAAAGCGCACGCAGGCGGTCTGTCAAGTCGGATGTGAAATCCCCGGGCTCAACCTGGGAACTGCATTCGAAACTGGCAGGCTAGAGTCTTGTAGAGGGGGGTAGAATTCCAGGTGTAGCGGTGAAATGCGTAGAGATCTGGAGGAATACCGGTGGCGAAGGCGGCCTCCTGGACGAAGACTGACGCTCAGGTGCGAAAGCGTGGGGAGCAAACAGG","Otu0158","",""
"Otu0163","Bacteria","Proteobacteria","Gammaproteobacteria","Enterobacterales","Enterobacteriaceae","Kosakonia","radicincitans","TACGGAGGGTGCAAGCGTTAATCGGAATTACTGGGCGTAAAGCGCACGCAGGCGGTCTGTCAAGTCGGATGTGAAATCCCCGGGCTCAACCTGGGAACTGCATTCGAAACTGGCAGGCTGGAGTCTCGTAGAGGGAGGTAGAATTCCAGGTGTAGCGGTGAAATGCGTAGAGATCTGGAGGAATACCGGTGGCGAAGGCGGCCTCCTGGACGAAGACTGACACTGAGGCACGAAAGCGTGGGGAGCAAACAGG","Otu0163","",""
"Otu0172","Bacteria","Actinobacteriota","Actinobacteria","Micrococcales","Dermabacteraceae","Brachybacterium","Genus_Brachybacterium","TACGTAGGGCGCAAGCGTTGTCCGGAATTATTGGGCGTAAAGAGCTTGTAGGTGGCTTGTCGCGTCTGCCGTGAAAACCCGAGGCTCAACCTCGGGCGTGCGGTGGGTACGGGCAGGCTAGAGTGTGGTAGGGGAGACTGGAACTCCTGGTGTAGCGGTGAAATGCGCAGATATCAGGAAGAACACCGATGGCGAAGGCAGGTCTCTGGGCCATTACTGACACTGAGAAGCGAAAGCATGGGTAGCGAACAGG","Otu0172","",""
"Otu0181","Bacteria","Actinobacteriota","Actinobacteria","Kineosporiales","Kineosporiaceae","Quadrisphaera","granulorum","TACGTAGGGTGCAAGCGTTGTCCGGAATTATTGGGCGTAAAGAGCTCGTAGGCGGTTTGTCGCGTCTGCTGTGAAAACGCGGGGCTCAACTCCGCGCCTGCAGTGGGTACGGGCAGACTAGAGTGCAGTAGGGGAGACTGGAATTCCTGGTGTAGCGGTGGAATGCGCAGATATCAGGAGGAACACCGGTGGCGAAGGCGGGTCTCTGGGCTGTAACTGACGCTGAGGAGCGAAAGCGTGGGTAGCGAACAGG","Otu0181","",""
"Otu0191","Bacteria","Firmicutes","Bacilli","Lactobacillales","Lactobacillaceae","Lactiplantibacillus","Genus_Lactiplantibacillus","TACGTAGGTGGCAAGCGTTGTCCGGATTTATTGGGCGTAAAGCGAGCGCAGGCGGTTTTTTAAGTCTGATGTGAAAGCCTTCGGCTCAACCGAAGAAGTGCATCGGAAACTGGGAAACTTGAGTGCAGAAGAGGACAGTGGAACTCCATGTGTAGCGGTGAAATGCGTAGATATATGGAAGAACACCAGTGGCGAAGGCGGCTGTCTGGTCTGTAACTGACGCTGAGGCTCGAAAGTATGGGTAGCAAACAGG","Otu0191","",""
"Otu0195","Bacteria","Proteobacteria","Gammaproteobacteria","Enterobacterales","Enterobacteriaceae","Family_Enterobacteriaceae","Family_Enterobacteriaceae","TACGGAGGGTGCAAGCGTTAATCGGAATTACTGGGCGTAAAGCGCACGCAGGCGGTCTGTCAAGTCGGATGTGAAATCCCCGGGCTCAACCTGGGAACTGCAGTGGATACTGGGCGACTAGAGTGTGGTAGAGGGTAGCGGAATTCCTGGTGTAGCAGTGAAATGCGTAGAGATCTGGAGGAATACCGGTGGCGAAGGCGGCCTCCTGGACGAAGACTGACGCTCAGGTGCGAAAGCGTGGGGAGCAAACAGG","Otu0195","",""
"Otu0196","Bacteria","Firmicutes","Bacilli","Staphylococcales","Staphylococcaceae","Staphylococcus","Genus_Staphylococcus","TACGTAGGTGGCAAGCGTTATCCGGAATTATTGGGCGTAAAGCGCGCGTAGGTGGTTTTTTAAGTCTGATGTGAAAGCCCACGGCTCAACCGTGGAGGGTCATTGGAAACTGGAAAACTTGAGTGCAGAAGAGGAAAGTGGAATTCCATGTGTAGCGGTGAAATGCGCAGAGATATGGAGGAACACCAGTGGCGAAGGCGACTTTCTGGTCTGTAACTGACGCTGATGTGCGAAAGCGTGGGGATCAAACAGG","Otu0196","",""
"Otu0208","Bacteria","Firmicutes","Bacilli","Staphylococcales","Staphylococcaceae","Staphylococcus","equorum","TACGTAGGTGGCAAGCGTTATCCGGAATTATTGGGCGTAAAGCGCGCGTAGGCGGTTTCTTAAGTCTGATGTGAAAGCCCACGGCTCAACCGTGGAGGGTCATTGGAAACTGGGAAACTTGAGTACAGAAGAGGAAAGTGGAATTCCATGTGTAGCGGTGAAATGCGCAGAGATATGGAGGAACACCAGTGGCGAAGGCGACTTTCTGGTCTGTAACTGACGCTGATGTGCGAAAGCGTGGGGATCAAACAGG","Otu0208","",""
"Otu0209","Bacteria","Proteobacteria","Alphaproteobacteria","Rhizobiales","Beijerinckiaceae","Bosea","Genus_Bosea","TACGAAGGGGGCTAGCGTTGCTCGGAATCACTGGGCGTAAAGGGCGCGTAGGCGGACTCTTAAGTCGGGGGTGAAAGCCCAGGGCTCAACCCTGGAATTGCCTTCGATACTGGGAGTCTTGAGTTCGGAAGAGGTTGGTGGAACTGCGAGTGTAGAGGTGAAATTCGTAGATATTCGCAAGAACACCAGTGGCGAAGGCGGCCAACTGGTCCGAAACTGACGCTGAGGCGCGAAAGCGTGGGGAGCAAACAGG","Otu0209","",""
"Otu0218","Bacteria","Proteobacteria","Gammaproteobacteria","Enterobacterales","Enterobacteriaceae","Family_Enterobacteriaceae","Family_Enterobacteriaceae","TACGGAGGGTGCAAGCGTTAATCGGAATTACTGGGCGTAAAGCGCACGCAGGCGGTCTGTCAAGTCGGATGTGAAATCCCCGGGCTCAACCTGGGAACTGCATTTGAAACTGGCAGGCTTGAGTCTCGTAGAGGGGGGTAGAATTCCAGGTGTAGCGGTGAAATGCGTAGAGATCTGGAGGAATACCGGTGGCGAAGGCGGCCTCCTGGACGAAGACTGACGCTCAGGTGCGAAAGCGTGGGGAGCAAACAGG","Otu0218","",""
"Otu0220","Bacteria","Proteobacteria","Gammaproteobacteria","Enterobacterales","Pasteurellaceae","Haemophilus","parainfluenzae","TACGGAGGGTGCGAGCGTTAATCGGAATAACTGGGCGTAAAGGGCACGCAGGCGGTGACTTAAGTGAGGTGTGAAAGCCCCGGGCTTAACCTGGGAATTGCATTTCATACTGGGTCGCTAGAGTACTTTAGGGAGGGGTAGAATTCCACGTGTAGCGGTGAAATGCGTAGAGATGTGGAGGAATACCGAAGGCGAAGGCAGCCCCTTGGGAATGTACTGACGCTCATGTGCGAAAGCGTGGGGAGCAAACAGG","Otu0220","",""
"Otu0227","Bacteria","Proteobacteria","Gammaproteobacteria","Enterobacterales","Enterobacteriaceae","Family_Enterobacteriaceae","Family_Enterobacteriaceae","TACGGAGGGTGCAAGCGTTAATCGGAATTACTGGGCGTAAAGCGCACGCAGGCGGTCTGTCAAGTCGGATGTGAAATCCCCGGGCTCAACCCGGGAACTGCATTTGAAACTGGCAGGCTTGAGTCTCGTAGAGGGGGGTAGAATTCCAGGTGTAGCGGTGAAATGCGTAGAGATCTGGAGGAATACCGGTGGCGAAGGCGGCCTCCTGGACGAAGACTGACGCTCAGGTGCGAAAGCGTGGGGAGCAAACAGG","Otu0227","",""
"Otu0228","Bacteria","Bacteroidota","Bacteroidia","Cytophagales","Hymenobacteraceae","Hymenobacter","Genus_Hymenobacter","TACGGAGGGTGCAAGCGTTGTCCGGATTTATTGGGTTTAAAGGGTGCGTAGGTGGCTTGTTAAGTCCGGGGTGAAAGCCCACAGCTCAACTGTGGAACTGCCCTGGATACTGGCGAGCTTGAGTCCAGACGAGGTTGGCGGAATGGATGCTGTAGCGGTGAAATGCATAGATAGCATCCAGAACCCCGATTGCGTAGGCAGCTGACTAGGCTGGTACTGACACTGAGGCACGAAAGCGTGGGGAGCGAACAGG","Otu0228","",""
"Otu0229","Bacteria","Actinobacteriota","Actinobacteria","Micrococcales","Microbacteriaceae","Curtobacterium","Genus_Curtobacterium","TACGTAGGGTGCAAGCGTTGTCCGGAATTATTGGGCGTAAAGAGCTCGTAGGCGGTTTGTCGCGTCTGCTGTGAAATCCCGAGGCTCAACCTCGGGCTTGCAGTGGGTACGGGCAGACTAGAGTGCGGTAGGGGAGATTGGAATTCCTGGTGTAGCGGTGGAATGCGCAGATATCAGGAGGAACACCGATGGCGAAGGCAGATCTCTGGGCCGTAACTGACGCTGAGGAGCGAAAGCGTGGGGAGCGAACAGG","Otu0229","",""
"Otu0238","Bacteria","Bacteroidota","Bacteroidia","Flavobacteriales","Weeksellaceae","Chryseobacterium","gallinarum","TACGAAGGGTGCAAGCGTTATCCGGATTTATTGGGTTTAAAGGGTCCGTAGGCTGATTTGTAAGTCAGTGGTGAAATCTCACAGCTTAACTGTGAAACTGCCATTGATACTGCAAGTCTTGAGTGTTGTTGAAGTAGCTGGAATAAGTAGTGTAGCGGTGAAATGCATAGATATTACTTAGAACACCAATTGCGAAGGCAGGTTACTAAGCAACAACTGACGCTGATGGACGAAAGCGTGGGGAGCGAACAGG","Otu0238","",""
"Otu0243","Bacteria","Proteobacteria","Gammaproteobacteria","Burkholderiales","Comamonadaceae","Family_Comamonadaceae","Family_Comamonadaceae","TACGTAGGGTGCAAGCGTTAATCGGAATTACTGGGCGTAAAGCGTGCGCAGGCGGTTATGCAAGACAGATGTGAAATCCCCGGGCTCAACCTGGGAACTGCATTTGTGACTGCATGGCTAGAGTACGGTAGAGGGGGATGGAATTCCGCGTGTAGCAGTGAAATGCGTAGATATGCGGAGGAACACCGATGGCGAAGGCAATCCCCTGGACCTGTACTGACGCTCATGCACGAAAGCGTGGGGAGCAAACAGG","Otu0243","",""
"Otu0245","Bacteria","Proteobacteria","Gammaproteobacteria","Burkholderiales","Comamonadaceae","Xylophilus","Genus_Xylophilus","TACGTAGGGTGCAAGCGTTAATCGGAATTACTGGGCGTAAAGCGTGCGCAGGCGGTAATGTAAGACAGATGTGAAATCCCCGGGCTCAACCTGGGAACTGCATTTGTGACTGCATTGCTGGAGTGCGGCAGAGGGGGATGGAATTCCGCGTGTAGCAGTGAAATGCGTAGATATGCGGAGGAACACCGATGGCGAAGGCAATCCCCTGGGCCTGCACTGACGCTCATGCACGAAAGCGTGGGGAGCAAACAGG","Otu0245","",""
"Otu0246","Bacteria","Actinobacteriota","Actinobacteria","Corynebacteriales","Corynebacteriaceae","Lawsonella","clevelandensis","TACGTAGGGTGCGAGCGTTGTCCGGAATTACTGGGCGTAAAGAGCTCGTAGGCGGTTTGTCACGTCGTCTGTGAAATCCTAGGGCTTAACCCTGGACGTGCAGGCGATACGGGCTGACTTGAGTACTACAGGGGAGACTGGAATTTCTGGTGTAGCGGTGGAATGCACAGATATCAGGAAGAACACCGATGGCGAAGGCAGGTCTCTGGGTAGTAACTGACGCTGAGGAGCGAAAGCATGGGTAGCGAACAGG","Otu0246","",""
"Otu0250","Bacteria","Proteobacteria","Gammaproteobacteria","Burkholderiales","Comamonadaceae","Family_Comamonadaceae","Family_Comamonadaceae","TACGTAGGGTGCAAGCGTTAATCGGAATTACTGGGCGTAAAGCGTGCGCAGGCGGTTATGCAAGACAGAGGTGAAATCCCCGGGCTCAACCTGGGAACTGCCTTTGTGACTGCATGGCTAGAGTACGGTAGAGGGGGATGGAATTCCGCGTGTAGCAGTGAAATGCGTAGATATGCGGAGGAACACCGATGGCGAAGGCAATCCCCTGGACCTGTACTGACGCTCATGCACGAAAGCGTGGGGAGCAAACAGG","Otu0250","",""
"Otu0252","Bacteria","Proteobacteria","Alphaproteobacteria","Caulobacterales","Caulobacteraceae","Brevundimonas","intermedia","TACGAAGGGGGCTAGCGTTGCTCGGAATTACTGGGCGTAAAGGGAGCGTAGGCGGACATTTAAGTCAGGGGTGAAATCCCGGGGCTCAACCTCGGAATTGCCTTTGATACTGGGTGTCTTGAGTATGAGAGAGGTATGTGGAACTCCGAGTGTAGAGGTGAAATTCGTAGATATTCGGAAGAACACCAGTGGCGAAGGCGACATACTGGCTCATTACTGACGCTGAGGCTCGAAAGCGTGGGGAGCAAACAGG","Otu0252","",""
"Otu0286","Bacteria","Proteobacteria","Alphaproteobacteria","Sphingomonadales","Sphingomonadaceae","Sphingomonas","melonis","TACGGAGGGAGCTAGCGTTGTTCGGAATTACTGGGCGTAAAGCGCACGTAGGCGGCTTTGTAAGTTAGAGGTGAAAGCCTGGAGCTCAACTCCAGAATTGCCTTTAAGACTGCATCGCTTGAATCCAGGAGAGGTGAGTGGAATTCCGAGTGTAGAGGTGAAATTCGTAGATATTCGGAAGAACACCAGTGGCGAAGGCGGCTCACTGGACTGGTATTGACGCTGAGGTGCGAAAGCGTGGGGAGCAAACAGG","Otu0286","",""
"Otu0287","Bacteria","Deinococcota","Deinococci","Deinococcales","Deinococcaceae","Deinococcus","geothermalis","TACGGAGGGTGCAAGCGTTACCCGGAATCACTGGGCGTAAAGGGCGTGTAGGCGGAAGGTTAAGTCCGACTTTAAAGACCGGGGCTCAACCCCGGGCCTGGGTTGGAGACTGGCTTTCTGGACCTCTGGAGAGGCAACTGGAATTCCTGGTGTAGCGGTGGAATGCGTAGATACCAGGAGGAACACCGATGGCGAAGGCAGGTTGCTGGACAGAAGGTGACGCTGAGGCGCGAAAGTGTGGGGAGCGAACCGG","Otu0287","",""
"Otu0292","Bacteria","Proteobacteria","Alphaproteobacteria","Rhizobiales","Xanthobacteraceae","Bradyrhizobium","Genus_Bradyrhizobium","TACGAAGGGGGCTAGCGTTGCTCGGAATCACTGGGCGTAAAGGGTGCGTAGGCGGGTCTTTAAGTCAGGGGTGAAATCCTGGAGCTCAACTCCAGAACTGCCTTTGATACTGAGGATCTTGAGTTCGGGAGAGGTGAGTGGAACTGCGAGTGTAGAGGTGAAATTCGTAGATATTCGCAAGAACACCAGTGGCGAAGGCGGCTCACTGGCCCGATACTGACGCTGAGGCACGAAAGCGTGGGGAGCAAACAGG","Otu0292","",""
"Otu0295","Bacteria","Proteobacteria","Gammaproteobacteria","Burkholderiales","Oxalobacteraceae","Massilia","putida","TACGTAGGGTGCAAGCGTTAATCGGAATTACTGGGCGTAAAGCGTGCGCAGGCGGTTTTGTAAGTCTGACGTGAAATCCCCGGGCTCAACCTGGGAATTGCGTTGGAGACTGCAAGGCTGGAGTCTGGCAGAGGGGGGTAGAATTCCACGTGTAGCAGTGAAATGCGTAGAGATGTGGAGGAACACCGATGGCGAAGGCAGCCCCCTGGGTCAAGACTGACGCTCATGCACGAAAGCGTGGGGAGCAAACAGG","Otu0295","",""
"Otu0300","Bacteria","Proteobacteria","Gammaproteobacteria","Class_Gammaproteobacteria","Class_Gammaproteobacteria","Class_Gammaproteobacteria","Class_Gammaproteobacteria","TACGAAGGGTGCAAGCGTTACTCGGAATTACTGGGCGTAAAGCGTGCGTAGGTGGTCGTTTAAGTCCGTTGTGAAAGCCCTGGGCTCAACCTGGGAACTGCAGTGGATACTGGGCGACTAGAGTCTTGTAGAGGGGGGTAGAATTCCAGGTGTAGCGGTGAAATGCGTAGAGATCTGGAGGAATACCGGTGGCGAAGGCGGCCCCCTGGACAAAGACTGACGCTCAGGTGCGAAAGCGTGGGGAGCAAACAGG","Otu0300","",""
"Otu0304","Bacteria","Actinobacteriota","Actinobacteria","Micrococcales","Brevibacteriaceae","Brevibacterium","mcbrellneri","TACGTAGGGTACTAGCGTTGTCCGGAATTATTGGGCGTAAAGAGCTCGTAGGTGGTTTGTCGCGTCTGCTGTGGAAACGTGCCGCTTAACGGTGCGCGTGCAGTGGGTACGGGCGGACTAGAGTGCAGTAGGGGAGTCTGGAATTCCTGGTGTAGCGGTGAAATGCGCAGATATCAGGAGGAACACCGGTGGCGAAGGCGGGACTCTGGGCTGTTACTGACGCTGAGGAGCGAAAGCATGGGGAGCGAACAGG","Otu0304","",""
"Otu0306","Bacteria","Proteobacteria","Gammaproteobacteria","Burkholderiales","Oxalobacteraceae","Massilia","Genus_Massilia","TACGTAGGGTGCAAGCGTTAATCGGAATTACTGGGCGTAAAGCGTGCGCAGGCGGTTTTGTAAGTCTGTCGTGAAAGCCCCGGGCTCAACCTGGGAATTGCGATGGAGACTGCAAGGCTTGAATCTGGCAGAGGGGGGTAGAATTCCACGTGTAGCAGTGAAATGCGTAGAGATGTGGAGGAACACCGATGGCGAAGGCAGCCCCCTGGGTCAAGATTGACGCTCATGCACGAAAGCGTGGGGAGCAAACAGG","Otu0306","",""
"Otu0307","Bacteria","Proteobacteria","Alphaproteobacteria","Sphingomonadales","Sphingomonadaceae","Sphingomonas","Genus_Sphingomonas","TACGGAGGGAGCTAGCGTTGTTCGGAATTACTGGGCGTAAAGCGCACGTAGGCGGCTTTGTAAGTTAGAGGTGAAAGCCTGGAGCTCAACTCCAGAATTGCCTTTAAGACTGCATCGCTCGAATCCAGGAGAGGTGAGTGGAATTCCGAGTGTAGAGGTGAAATTCGTAGATATTCGGAAGAACACCAGTGGCGAAGGCGGCTCACTGGACTGGTATTGACGCTGAGGTGCGAAAGCGTGGGGAGCAAACAGG","Otu0307","",""
"Otu0313","Bacteria","Proteobacteria","Alphaproteobacteria","Sphingomonadales","Sphingomonadaceae","Sphingomonas","Genus_Sphingomonas","TACGGAGGGGGCTAGCGTTGTTCGGAATTACTGGGCGTAAAGCGCACGTAGGCGGCTTTGTAAGTTAGAGGTGAAAGCCTGGGGCTCAACTCCAGAATTGCCTTTAAGACTGCATCGCTTGAACGTCGGAGAGGTGAGTGGAATTCCGAGTGTAGAGGTGAAATTCGTAGATATTCGGAAGAACACCAGTGGCGAAGGCGGCTCACTGGACGACTGTTGACGCTGAGGTGCGAAAGCGTGGGGAGCAAACAGG","Otu0313","",""
"Otu0342","Bacteria","Proteobacteria","Alphaproteobacteria","Acetobacterales","Acetobacteraceae","Asaia","Genus_Asaia","TACGAAGGGGGCTAGCGTTGCTCGGAATGACTGGGCGTAAAGGGCGCGTAGGCGGTTTACACAGTCAGATGTGAAATTCCAGGGCTTAACCTTGGGGCTGCATTTGATACGTGTAGACTAGAGTGTGAGAGAGGGTTGTGGAATTCCCAGTGTAGAGGTGAAATTCGTAGAGATCTGGAGGAATACCGGTGGCGAAGGCGGCCTCCTGGACGAAGACTGACGCTCAGGTGCGAAAGCGTGGGGAGCAAACAGG","Otu0342","",""
"Otu0346","Bacteria","Actinobacteriota","Actinobacteria","Micrococcales","Micrococcaceae","Pseudoglutamicibacter","cumminsii","TACGTAGGGCGCGAGCGTTATCCGGAATTATTGGGCGTAAAGAGCTCGTAGGCGGTTTGTCGCGTCTGCTGTGAAAGCCCGGGGCTTAACTCCGGGTGTGCAGTGGGTACGGGCAGGCTAGAGTGCAGTAGGGGAGACTGGAATTCCTGGTGTAGCGGTGGAATGCGCAGATATCAGGAGGAACACCGATGGCGAAGGCAGGTCTCTGGGCTGTTACTGACGCTGAGGAGCGAAAGCATGGGGAGCAAACAGG","Otu0346","",""
"Otu0365","Bacteria","Proteobacteria","Gammaproteobacteria","Pseudomonadales","Pseudomonadaceae","Pseudomonas","Genus_Pseudomonas","TACAGAGGGTGCAAGCGTTAATCGGAATTACTGGGCGTAAAGCGCGCGTAGGTGGTTTGTTAAGTCGGATGTGAAATCCCCGGGCTCAACCTGGGAACTGCATCCGAAACTGGCAAGCTAGAGTATGGTAGAGGGTAGTGGAATTTCCTGTGTAGCGGTGAAATGCGTAGATATAGGAAGGAACACCAGTGGCGAAGGCGACTACCTGGACTGATACTGACACTGAGGTGCGAAAGCGTGGGGAGCAAACAGG","Otu0365","",""
"Otu0376","Bacteria","Deinococcota","Deinococci","Deinococcales","Trueperaceae","Truepera","Genus_Truepera","TACGGAGGGTGCAAGCGTTATCCGGAATCACTGGGCGTAAAGGGCGCGTAGGCGGTTTGTTAAGTCCGATGTTAAAGACCGAGGCTCAACCTCGACACGGCGTTGGATACTGGCAAGCTGGACGGTTGGAGAGGAAGGTAGAATTACCAGTGTAGCGGTGGAATGCGTAGATACTGGTAGGAATACCCATTGCGAAGGCAGCCTTCTGGACAACACGTGACGCTGAGGCGCGAAAGTGTGGGGAGCAAACCGG","Otu0376","",""
"Otu0377","Bacteria","Proteobacteria","Gammaproteobacteria","Enterobacterales","Erwiniaceae","Family_Erwiniaceae","Family_Erwiniaceae","TACGGAGGGTGCAAGCGTTAATCGGAATTACTGGGCGTAAAGCGCACGCAGGCGGTCTGTCAAGTCGGATGTGAAATCCCCGGGCTTAACCTGGGAACTGCATTTGAAACTGGCAGGCTTGAGTCTCGTAGAGGGGGGTAGAATTCCAGGTGTAGCGGTGAAATGCGTAGAGATCTGGAGGAATACCGGTGGCGAAGGCGGCCTCCTGGACGAAGACTGACGCTCAGGTGCGAAAGCGTGGGGAGCAAACAGG","Otu0377","",""
"Otu0385","Bacteria","Proteobacteria","Alphaproteobacteria","Rhizobiales","Rhizobiaceae","Family_Rhizobiaceae","Family_Rhizobiaceae","TACGAAGGGGGCTAGCGTTGTTCGGAATTACTGGGCGTAAAGCGCACGTAGGCGGATATTTAAGTCAGGGGTGAAATCCCAGAGCTCAACTCTGGAACTGCCTTTGATACTGGGTATCTTGAGTATGGAAGAGGTAAGTGGAATTGCGAGTGTAGAGGTGAAATTCGTAGATATTCGCAGGAACACCAGTGGCGAAGGCGGCTTACTGGTCCATAACTGACGCTGAGGTGCGAAAGCGTGGGGAGCAAACAGG","Otu0385","",""
"Otu0387","Bacteria","Firmicutes","Bacilli","Lactobacillales","Lactobacillaceae","Lactobacillus","Genus_Lactobacillus","TACGTAGGTGGCAAGCGTTGTCCGGATTTATTGGGCGTAAAGCGAGCGCAGGCGGAAGAATAAGTCTGATGTGAAAGCCCTCGGCTTAACCGAGGAACTGCATCGGAAACTGTTTTTCTTGAGTGCAGAAGAGGAGAGTGGAACTCCATGTGTAGCGGTGGAATGCGTAGATATATGGAAGAACACCAGTGGCGAAGGCGGCTCTCTGGTCTGCAACTGACGCTGAGGCTCGAAAGCATGGGTAGCGAACAGG","Otu0387","",""
"Otu0393","Bacteria","Actinobacteriota","Actinobacteria","Corynebacteriales","Corynebacteriaceae","Corynebacterium","ureicelerivorans","TACGTAGGGTGCGAGCGTTGTCCGGAATTACTGGGCGTAAAGAGCTCGTAGGTGGTTTGTCGCGTCGTTTGTGTAAGCCCGCAGCTTAACTGCGGGACTGCAGGCGATACGGGCATAACTTGAGTGCTGTAGGGGAGACTGGAATTCCTGGTGTAGCGGTGGAATGCGCAGATATCAGGAGGAACACCGATGGCGAAGGCAGGTCTCTGGGCAGTAACTGACGCTGAGGAGCGAAAGCATGGGTAGCGAACAGG","Otu0393","",""
"Otu0396","Bacteria","Firmicutes","Bacilli","Lactobacillales","Enterococcaceae","Tetragenococcus","Genus_Tetragenococcus","TACGTAGGTGGCAAGCGTTGTCCGGATTTATTGGGCGTAAAGGGAGCGCAGGCGGTTCGTTAAGTCTGATGTGAAAGCCCTCGGCTCAACCGAGGAGGGTCATTGGAAACTGGCGAACTTGAGTGCAGAAGAGGAGAGTGGAATTCCATGTGTAGCGGTGAAATGCGTAGATATATGGAGGAACACCGGTGGCGAAGGCGACTCTCTGGTCTGTAACTGACGCTGAGGCTCGAAAGCGTGGGTAGCAAACAGG","Otu0396","",""
"Otu0403","Bacteria","Firmicutes","Negativicutes","Veillonellales-Selenomonadales","Veillonellaceae","Veillonella","dispar","TACGTAGGTGGCAAGCGTTGTCCGGAATTATTGGGCGTAAAGCGCGCGCAGGCGGATTGGTCAGTCTGTCTTAAAAGTTCGGGGCTTAACCCCGTGATGGGATGGAAACTGCCAATCTAGAGTATCGGAGAGGAAAGTGGAATTCCTAGTGTAGCGGTGAAATGCGTAGATATTAGGAAGAACACCAGTGGCGAAGGCGACTTTCTGGACGAAAACTGACGCTGAGGCGCGAAAGCCAGGGGAGCGAACGGG","Otu0403","",""
"Otu0410","Bacteria","Firmicutes","Clostridia","Lachnospirales","Lachnospiraceae","Dorea","Genus_Dorea","TACGTAGGGGGCAAGCGTTATCCGGATTTACTGGGTGTAAAGGGAGCGTAGACGGCACGGCAAGCCAGATGTGAAAGCCCGGGGCTCAACCCCGGGACTGCATTTGGAACTGCTGAGCTAGAGTGTCGGAGAGGCAAGTGGAATTCCTAGTGTAGCGGTGAAATGCGTAGATATTAGGAGGAACACCAGTGGCGAAGGCGGCTTGCTGGACGATGACTGACGTTGAGGCTCGAAAGCGTGGGGAGCAAACAGG","Otu0410","",""
"Otu0414","Bacteria","Bacteroidota","Bacteroidia","Bacteroidales","Dysgonomonadaceae","Dysgonomonas","mossii","TACGGAGGATGCGAGCGTTATCCGGATTTATTGGGTTTAAAGGGTGCGCAGGCGGGATTTTAAGTCAGCGGTGAAATTTTCAGGCTCAACCTGAACACTGCCGTTGAAACTGGGATTCTTGAGTATGGATGAAGTAGGCGGAATTCGTTGTGTAGCGGTGACATGCTTAGATATAACGAGGAACTCCGATTGCGTAGGCAGCTTACTAAGCCATAACTGACGCTCAAGCACGAAAGCGTGGGGATCAAACAGG","Otu0414","",""
"Otu0415","Bacteria","Proteobacteria","Gammaproteobacteria","Xanthomonadales","Xanthomonadaceae","Stenotrophomonas","pavanii","TACGAAGGGTGCAAGCGTTACTCGGAATTACTGGGCGTAAAGCGTGCGTAGGTGGTCGTTTAAGTCCGTTGTGAAAGCCCTGGGCTCAACCTGGGAACTGCATTCGAAACTGGCAGGCTGGAGTCTCGTAGAGGGAGGTAGAATTCCAGGTGTAGCGGTGAAATGCGTAGAGATCAGGAGGAACATCCATGGCGAAGGCAGCTACCTGGACCAACACTGACACTGAGGCACGAAAGCGTGGGGAGCAAACAGG","Otu0415","",""
"Otu0423","Bacteria","Proteobacteria","Gammaproteobacteria","Pseudomonadales","Moraxellaceae","Psychrobacter","Genus_Psychrobacter","TACAGAGGGTGCAAGCGTTAATCGGAATTACTGGGCGTAAAGCGAGCGTAGGTGGCTTGATAAGTCAGATGTGAAATCCCCGGGCTTAACCTGGGAACTGCATCTGATACTGTTGGGCTAGAGTAGGTGAGAGGGAGGTAGAATTTCAGGTGTAGCGGTGAAATGCGTAGAGATCTGAAGGAATACCGATGGCGAAGGCAGCCTCCTGGCATCATACTGACACTGAGGTTCGAAAGCGTGGGTAGCAAACAGG","Otu0423","",""
"Otu0425","Bacteria","Actinobacteriota","Actinobacteria","Micrococcales","Microbacteriaceae","Amnibacterium","Genus_Amnibacterium","TACGTAGGGTGCAAGCGTTGTCCGGAATTATTGGGCGTAAAGAGCTCGTAGGCGGTTTGTCGCGTCTGCTGTGAAAACGCGAGGCTCAACCTCGCGCCTGCAGTGGGTACGGGCAGACTAGAGTGTGGTAGGGGAGATTGGAATTCCTGGTGTAGCGGTGGAATGCGCAGATATCAGGAGGAACACCGATGGCGAAGGCAGATCTCTGGGCCATTACTGACGCTGAGGAGCGAAAGCGTGGGGAGCGAACAGG","Otu0425","",""
"Otu0442","Bacteria","Actinobacteriota","Actinobacteria","Corynebacteriales","Corynebacteriaceae","Corynebacterium","tuberculostearicum","TACGTAGGGTGCGAGCGTTGTCCGGAATTACTGGGCGTAAAGGGCTCGTAGGTGGTTTGTCGCGTCGTCTGTGAAATTCCGGGGCTTAACTCCGGGCGTGCAGGCGATACGGGCATAACTTGAGTACTGTAGGGGTAACTGGAATTCCTGGTGTAGCGGTGAAATGCGCAGATATCAGGAGGAACACCGATGGCGAAGGCAGGTTACTGGGCAGTTACTGACGCTGAGGAGCGAAAGCATGGGTAGCGAACAGG","Otu0442","",""
"Otu0443","Bacteria","Proteobacteria","Gammaproteobacteria","Burkholderiales","Comamonadaceae","Acidovorax","Genus_Acidovorax","TACGTAGGGTGCAAGCGTTAATCGGAATTACTGGGCGTAAAGCGTGCGCAGGCGGTTATATAAGACAGATGTGAAATCCCCGGGCTCAACCTGGGAACTGCATTTGTGACTGTATAGCTAGAGTACGGTAGAGGGGGATGGAATTCCGCGTGTAGCAGTGAAATGCGTAGATATGCGGAGGAACACCGATGGCGAAGGCAATCCCCTGGACCTGTACTGACGCTCATGCACGAAAGCGTGGGGAGCAAACAGG","Otu0443","",""
"Otu0445","Bacteria","Actinobacteriota","Actinobacteria","Corynebacteriales","Corynebacteriaceae","Corynebacterium","xerosis","TACGTAGGGTGCGAGCGTTGTCCGGAATTACTGGGCGTAAAGAGCTCGTAGGTGGTTTGTCGCGTCGTCTGTGAAATTCCGGGGCTTAACTCCGGGCGTGCAGGCGATACGGGCATAACTTGAGTACTGTAGGGGAGACTGGAATTCCTGGTGTAGCGGTGAAATGCGCAGATATCAGGAGGAACACCGGTGGCGAAGGCGGGTCTCTGGGCAGTAACTGACGCTGAGGAGCGAAAGCATGGGTAGCGAACAGG","Otu0445","",""
"Otu0449","Bacteria","Proteobacteria","Alphaproteobacteria","Azospirillales","Azospirillaceae","Azospirillum","Genus_Azospirillum","TACGAAGGGGGCTAGCGTTGTTCGGAATTACTGGGCGTAAAGGGCGCGTAGGCGGCCTGTTTAGTCAGAAGTGAAAGCCCCGGGCTCAACCTGGGAATAGCTTTTGATACTGGCAGGCTTGAGTTCCGGAGAGGATGGTGGAATTCCCAGTGTAGAGGTGAAATTCGTAGATATTGGGAAGAACACCGGTGGCGAAGGCGGCCATCTGGACGGACACTGACGCTGAGGCGCGAAAGCGTGGGGAGCAAACAGG","Otu0449","",""
"Otu0460","Bacteria","Proteobacteria","Alphaproteobacteria","Sphingomonadales","Sphingomonadaceae","Sphingomonas","leidyi","TACGGAGGGAGCTAGCGTTGTTCGGAATTACTGGGCGTAAAGCGCACGTAGGCGGCTTTGTAAGTCAGAGGTGAAAGCCTGGAGCTCAACTCCAGAACTGCCTTTGAGACTGCATCGCTTGAATCCAGGAGAGGTGAGTGGAATTCCGAGTGTAGAGGTGAAATTCGTAGATATTCGGAAGAACACCAGTGGCGAAGGCGGCTCACTGGACTGGTATTGACGCTGAGGTGCGAAAGCGTGGGGAGCAAACAGG","Otu0460","",""
"Otu0464","Bacteria","Proteobacteria","Gammaproteobacteria","Burkholderiales","Oxalobacteraceae","Janthinobacterium","Genus_Janthinobacterium","TACGTAGGGTGCAAGCGTTAATCGGAATTACTGGGCGTAAAGCGTGCGCAGGCGGTTTTGTAAGTCTGATGTGAAATCCCCGGGCTCAACCTGGGAATTGCATTGGAGACTGTAAGGCTAGAATCTGGCAGAGGGGGGTAGAATTCCACGTGTAGCAGTGAAATGCGTAGATATGTGGAGGAACACCGATGGCGAAGGCAGCCCCCTGGGTCAAGATTGACGCTCATGCACGAAAGCGTGGGGAGCAAACAGG","Otu0464","",""
"Otu0470","Bacteria","Actinobacteriota","Actinobacteria","Corynebacteriales","Corynebacteriaceae","Corynebacterium","kroppenstedtii","TACGTAGGGTGCGAGCGTTGTCCGGAATTACTGGGCGTAAAGAGCTCGTAGGTGGTCTGTCGCGTCATTTGTGAAAGCCCGGGGCTTAACTCCGGGTTGGCAGGTGATACGGGCATGACTGGAGTACTGTAGGGGAGACTGGAATTCCTGGTGTAGCGGTGAAATGCGCAGATATCAGGAGGAACACCGGTGGCGAAGGCGGGTCTCTGGGCAGTAACTGACGCTGAGGAGCGAAAGCATGGGTAGCGAACAGG","Otu0470","",""
"Otu0474","Bacteria","Proteobacteria","Alphaproteobacteria","Rhodobacterales","Rhodobacteraceae","Paracoccus","Genus_Paracoccus","TACGGAGGGGGCTAGCGTTGTTCGGAATTACTGGGCGTAAAGCGCACGTAGGCGGACCAGAAAGTTGGGGGTGAAATCCCGGGGCTCAACCTCGGAACTGCCCTCAAAACTATTGGTCTGGAGTTCGAGAGAGGTGAGTGGAATTCCGAGTGTAGAGGTGAAATTCGTAGATATTCGGAGGAACACCAGTGGCGAAGGCGGCTCACTGGCTCGATACTGACGCTGAGGTGCGAAAGCGTGGGGAGCAAACAGG","Otu0474","",""
"Otu0639","Bacteria","Proteobacteria","Alphaproteobacteria","Sphingomonadales","Sphingomonadaceae","Sphingomonas","paucimobilis","TACGGAGGGGGCTAGCGTTGTTCGGAATTACTGGGCGTAAAGCGCACGTAGGCGGCTTTGTAAGTCAGAGGTGAAAGCCTGGAGCTCAACTCCAGAACTGCCTTTGAGACTGCATCGCTTGAATCCAGGAGAGGTCAGTGGAATTCCGAGTGTAGAGGTGAAATTCGTAGATATTCGGAAGAACACCAGTGGCGAAGGCGGCTGACTGGACTGGTATTGACGCTGAGGTGCGAAAGCGTGGGGAGCAAACAGG","Otu0639","",""
