,Contaminant,Appears,Sources,Kingdom,Phylum,Class,Order,Family,Genus,Species,sequence,OTU,Pool_name,longer_name
Otu0001,Wolbachia,Wolbachia,Wolbachia,Bacteria,Proteobacteria,Alphaproteobacteria,Rickettsiales,Anaplasmataceae,Wolbachia,Genus_Wolbachia,TACGGAGAGGGCTAGCGTTATTCGGAATTATTGGGCGTAAAGGGCGCGTAGGCTGGTTAATAAGTTAAAAGTGAAATCCCGAGGCTTAACCTTGGAATTGCTTTTAAAACTATTAATCTAGAGATTGAAAGAGGATAGAGGAATTCCTGATGTAGAGGTAAAATTCGTAAATATTAGGAGGAACACCAGTGGCGAAGGCGTCTATCTGGTTCAAATCTGACGCTGAAGCGCGAAGGCGTGGGGAGCAAACAGG,Otu0001,wAlbB,Otu0001_wAlbB
Otu0002,Intentional,Intentional,Intentional,Bacteria,Proteobacteria,Gammaproteobacteria,Enterobacterales,Enterobacteriaceae,Kosakonia,radicincitans,TACGGAGGGTGCAAGCGTTAATCGGAATTACTGGGCGTAAAGCGCACGCAGGCGGTCTGTCAAGTCGGATGTGAAATCCCCGGGCTCAACCTGGGAACTGCATTCGAAACTGGCAGGCTGGAGTCTCGTAGAGGGAGGTAGAATTCCAGGTGTAGCGGTGAAATGCGTAGAGATCTGGAGGAATACCGGTGGCGAAGGCGGCCTCCTGGACGAAGACTGACGCTCAGGTGCGAAAGCGTGGGGAGCAAACAGG,Otu0002,KOSA1,Otu0002_KOSA1
Otu0003,Intentional,Intentional,Intentional,Bacteria,Proteobacteria,Gammaproteobacteria,Xanthomonadales,Xanthomonadaceae,Stenotrophomonas,maltophilia,TACGAAGGGTGCAAGCGTTACTCGGAATTACTGGGCGTAAAGCGTGCGTAGGTGGTCGTTTAAGTCCGTTGTGAAAGCCCTGGGCTCAACCTGGGAACTGCAGTGGATACTGGGCGACTAGAGTGTGGTAGAGGGTAGCGGAATTCCTGGTGTAGCAGTGAAATGCGTAGAGATCAGGAGGAACATCCATGGCGAAGGCAGCTACCTGGACCAACACTGACACTGAGGCACGAAAGCGTGGGGAGCAAACAGG,Otu0003,STEN1,Otu0003_STEN1
Otu0004,Wolbachia,Wolbachia,Wolbachia,Bacteria,Proteobacteria,Alphaproteobacteria,Rickettsiales,Anaplasmataceae,Wolbachia,Genus_Wolbachia,TACGGAGAGGGCTAGCGTTATTCGGAATTATTGGGCGTAAAGGGCGCGTAGGCTGGTTAGTAAGTTAAAAGTGAAATCCCGAGGCTTAACCTTGGAACTGCTTTTAAAACTGCTAACCTAGAGATTGAAAGAGGATAGAGGAATTCCTAGTGTAGAGGTGAAATTCGTAAATATTAGGAGGAACACCAGTGGCGAAGGCGTCTATCTGGTTCAAATCTGACGCTGAGGCGCGAAGGCGTGGGGAGCAAACAGG,Otu0004,wAlbA,Otu0004_wAlbA
Otu0005,Intentional,Intentional,Intentional,Bacteria,Bacteroidota,Bacteroidia,Flavobacteriales,Weeksellaceae,Chryseobacterium,gallinarum,TACGGAGGGTGCAAGCGTTATCCGGATTTATTGGGTTTAAAGGGTCCGTAGGCTGATTTGTAAGTCAGTGGTGAAATCTCACAGCTTAACTGTGAAACTGCCATTGATACTGCAAGTCTTGAGTGTTGTTGAAGTAGCTGGAATAAGTAGTGTAGCGGTGAAATGCATAGATATTACTTAGAACACCAATTGCGAAGGCAGGTTACTAAGCAACAACTGACGCTGATGGACGAAAGCGTGGGGAGCGAACAGG,Otu0005,CHRY1,Otu0005_CHRY1
Otu0006,Intentional,Intentional,Intentional,Bacteria,Proteobacteria,Gammaproteobacteria,Enterobacterales,Enterobacteriaceae,Family_Enterobacteriaceae,Family_Enterobacteriaceae,TACGGAGGGTGCAAGCGTTAATCGGAATTACTGGGCGTAAAGCGCACGCAGGCGGTCTGTCAAGTCGGATGTGAAATCCCCGGGCTCAACCTGGGAACTGCATTCGAAACTGGCAGGCTAGAGTCTTGTAGAGGGGGGTAGAATTCCAGGTGTAGCGGTGAAATGCGTAGAGATCTGGAGGAATACCGGTGGCGAAGGCGGCCCCCTGGACAAAGACTGACGCTCAGGTGCGAAAGCGTGGGGAGCAAACAGG,Otu0006,ENTE1/2,Otu0006_ENTE1/2
Otu0007,Intentional,Intentional,Intentional,Bacteria,Proteobacteria,Alphaproteobacteria,Acetobacterales,Acetobacteraceae,Asaia,bogorensis,TACGAAGGGGGCTAGCGTTGCTCGGAATGACTGGGCGTAAAGGGCGCGTAGGCGGTTTACACAGTCAGATGTGAAATTCCAGGGCTTAACCTTGGGGCTGCATTTGATACGTGTAGACTAGAGTGTGAGAGAGGGTTGTGGAATTCCCAGTGTAGAGGTGAAATTCGTAGATATTGGGAAGAACACCGGTGGCGAAGGCGGCAACCTGGCTCATTACTGACGCTGAGGCGCGAAAGCGTGGGGAGCAAACAGG,Otu0007,ASAI1/2,Otu0007_ASAI1/2
Otu0008,Intentional,Intentional,Intentional,Bacteria,Proteobacteria,Gammaproteobacteria,Enterobacterales,Enterobacteriaceae,Kosakonia,cowanii,TACGGAGGGTGCAAGCGTTAATCGGAATTACTGGGCGTAAAGCGCACGCAGGCGGTCTGTCAAGTCGGATGTGAAATCCCCGGGCTCAACCTGGGAACTGCATCCGAAACTGGCAGGCTTGAGTCTCGTAGAGGGGGGTAGAATTCCAGGTGTAGCGGTGAAATGCGTAGAGATCTGGAGGAATACCGGTGGCGAAGGCGGCCCCCTGGACGAAGACTGACGCTCAGGTGCGAAAGCGTGGGGAGCAAACAGG,Otu0008,KOSA2,Otu0008_KOSA2
Otu0009,Intentional,Intentional,Intentional,Bacteria,Proteobacteria,Gammaproteobacteria,Enterobacterales,Enterobacteriaceae,Klebsiella,Genus_Klebsiella,TACGGAGGGTGCAAGCGTTAATCGGAATTACTGGGCGTAAAGCGCACGCAGGCGGTCTGTCAAGTCGGATGTGAAATCCCCGGGCTTAACCTGGGAACTGCATTCGAAACTGGCAGGCTAGAGTCTTGTAGAGGGGGGTAGAATTCCAGGTGTAGCGGTGAAATGCGTAGAGATCTGGAGGAATACCGGTGGCGAAGGCGGCCCCCTGGACAAAGACTGACGCTCAGGTGCGAAAGCGTGGGGAGCAAACAGG,Otu0009,KLEB1,Otu0009_KLEB1
Otu0010,Intentional,Intentional,Intentional,Bacteria,Proteobacteria,Gammaproteobacteria,Pseudomonadales,Pseudomonadaceae,Pseudomonas,psychrotolerans,TACGAAGGGTGCAAGCGTTAATCGGAATTACTGGGCGTAAAGCGCGCGTAGGTGGCTTGATAAGTTGGATGTGAAATCCCCGGGCTCAACCTGGGAACTGCATCCAAAACTGTCTGGCTAGAGTGCGGTAGAGGGTAGTGGAATTTCCAGTGTAGCGGTGAAATGCGTAGATATTGGAAGGAACACCAGTGGCGAAGGCGACTACCTGGACTGACACTGACACTGAGGTGCGAAAGCGTGGGGAGCAAACAGG,Otu0010,PSEU2,Otu0010_PSEU2
Otu0014,Intentional,Intentional,Intentional,Bacteria,Proteobacteria,Gammaproteobacteria,Enterobacterales,Erwiniaceae,Pantoea,ananatis,TACGGAGGGTGCAAGCGTTAATCGGAATTACTGGGCGTAAAGCGCACGCAGGCGGTCTGTTAAGTCAGATGTGAAATCCCCGGGCTTAACCTGGGAACTGCATTTGAAACTGGCAGGCTTGAGTCTCGTAGAGGGGGGTAGAATTCCAGGTGTAGCGGTGAAATGCGTAGAGATCTGGAGGAATACCGGTGGCGAAGGCGGCCCCCTGGACGAAGACTGACGCTCAGGTGCGAAAGCGTGGGGAGCAAACAGG,Otu0014,PANT1/2/3,Otu0014_PANT1/2/3
Otu0016,Potential,Both,RTPI,Bacteria,Proteobacteria,Gammaproteobacteria,Enterobacterales,Enterobacteriaceae,Family_Enterobacteriaceae,Family_Enterobacteriaceae,TACGGAGGGTGCAAGCGTTAATCGGAATTACTGGGCGTAAAGCGCACGCAGGCGGTCTGTCAAGTCGGATGTGAAATCCCCGGGCTCAACCTGGGAACTGCATTCGAAACTGGCAGGCTAGAGTCTTGTAGAGGGGGGTAGAATTCCAGGTGTAGCGGTGAAATGCGTAGAGATCTGGAGGAATACCGGTGGCGAAGGCGGCCTCCTGGACGAAGACTGACGCTCAGGTGCGAAAGCGTGGGGAGCAAACAGG,Otu0016,Family_Enterobacteriaceae,Otu0016_Family_Enterobacteriaceae
Otu0020,Intentional,Intentional,Intentional,Bacteria,Proteobacteria,Gammaproteobacteria,Xanthomonadales,Xanthomonadaceae,Stenotrophomonas,maltophilia,TACGAAGGGTGCAAGCGTTACTCGGAATTACTGGGCGTAAAGCGTGCGTAGGTGGTTGTTTAAGTCTGTTGTGAAAGCCCTGGGCTCAACCTGGGAACTGCAGTGGAAACTGGACGACTAGAGTGTGGTAGAGGGTAGCGGAATTCCTGGTGTAGCAGTGAAATGCGTAGAGATCAGGAGGAACATCCATGGCGAAGGCAGCTACCTGGACCAACACTGACACTGAGGCACGAAAGCGTGGGGAGCAAACAGG,Otu0020,STEN2,Otu0020_STEN2
Otu0021,Intentional,Intentional,Intentional,Bacteria,Proteobacteria,Gammaproteobacteria,Enterobacterales,Enterobacteriaceae,Family_Enterobacteriaceae,Family_Enterobacteriaceae,TACGGAGGGTGCAAGCGTTAATCGGAATTACTGGGCGTAAAGCGCACGCAGGCGGTCTGTTAAGTCAGATGTGAAATCCCCGGGCTCAACCCGGGAACTGCATTTGAAACTGGCAGGCTTGAGTCTCGTAGAGGGGGGTAGAATTCCAGGTGTAGCGGTGAAATGCGTAGAGATCTGGAGGAATACCGGTGGCGAAGGCGGCCCCCTGGACGAAGACTGACGCTCAGGTGCGAAAGCGTGGGGAGCAAACAGG,Otu0021,PANT4,Otu0021_PANT4
Otu0022,Intentional,Intentional,Intentional,Bacteria,Firmicutes,Bacilli,Lactobacillales,Carnobacteriaceae,Carnobacterium,inhibens,TACGTAGGTGGCAAGCGTTGTCCGGATTTATTGGGCGTAAAGCGAGCGCAGGCGGTTCTTTAAGTCTGATGTGAAAGCCCCCGGCTCAACCGGGGAGGGTCATTGGAAACTGGAGAACTTGAGTGCAGAAGAGGAGAGTGGAATTCCACGTGTAGCGGTGAAATGCGTAGATATGTGGAGGAACACCAGTGGCGAAGGCGACTCTCTGGTCTGTAACTGACGCTGAGGCTCGAAAGCGTGGGGAGCAAACAGG,Otu0022,CARN1,Otu0022_CARN1
Otu0023,Potential,Both,Mosq or meso water,Bacteria,Proteobacteria,Gammaproteobacteria,Enterobacterales,Enterobacteriaceae,Kosakonia,Genus_Kosakonia,TACGGAGGGTGCAAGCGTTAATCGGAATTACTGGGCGTAAAGCGCACGCAGGCGGTCTGTCAAGTCGGATGTGAAATCCCCGGGCTCAACCTGGGAACTGCATCCGAAACTGGCAGGCTTGAGTCTCGTAGAGGGGGGTAGAATTCCAGGTGTAGCGGTGAAATGCGTAGAGATCTGGAGGAATACCGGTGGCGAAGGCGGCCTCCTGGACGAAGACTGACGCTCAGGTGCGAAAGCGTGGGGAGCAAACAGG,Otu0023,,Otu0023
Otu0024,Intentional,Intentional,Intentional,Bacteria,Proteobacteria,Alphaproteobacteria,Acetobacterales,Acetobacteraceae,Asaia,krungthepensis,TACGAAGGGGGCTAGCGTTGCTCGGAATGACTGGGCGTAAAGGGCGCGTAGGCGGTTCATACAGTCAGATGTGAAATTCCAGGGCTTAACCTTGGGGCTGCATTTGATACGTATGGACTAGAGTGTGAGAGAGGGTTGTGGAATTCCCAGTGTAGAGGTGAAATTCGTAGATATTGGGAAGAACACCGGTGGCGAAGGCGGCAACCTGGCTCATTACTGACGCTGAGGCGCGAAAGCGTGGGGAGCAAACAGG,Otu0024,ASAI3,Otu0024_ASAI3
Otu0031,Potential,Both,Mosq or meso water,Bacteria,Proteobacteria,Alphaproteobacteria,Rhizobiales,Xanthobacteraceae,Bradyrhizobium,Genus_Bradyrhizobium,TACGAAGGGGGCTAGCGTTGCTCGGAATCACTGGGCGTAAAGGGTGCGTAGGCGGGTTTTTAAGTCAGGGGTGAAATCCTGGAGCTCAACTCCAGAACTGCCTTTGATACTGAAGATCTTGAGTCCGGGAGAGGTGAGTGGAACTGCGAGTGTAGAGGTGAAATTCGTAGATATTCGCAAGAACACCAGTGGCGAAGGCGGCTCACTGGCCCGGTACTGACGCTGAGGCACGAAAGCGTGGGGAGCAAACAGG,Otu0031,,Otu0031
Otu0036,Potential,Both,RTPI,Bacteria,Proteobacteria,Gammaproteobacteria,Xanthomonadales,Xanthomonadaceae,Stenotrophomonas,pavanii,TACGGAGGGTGCAAGCGTTAATCGGAATTACTGGGCGTAAAGCGCACGCAGGCGGTCTGTCAAGTCGGATGTGAAATCCCCGGGCTCAACCTGGGAACTGCAGTGGATACTGGGCGACTAGAGTGTGGTAGAGGGTAGCGGAATTCCTGGTGTAGCAGTGAAATGCGTAGAGATCAGGAGGAACATCCATGGCGAAGGCAGCTACCTGGACCAACACTGACACTGAGGCACGAAAGCGTGGGGAGCAAACAGG,Otu0036,Stenotrophomonas,Otu0036_Stenotrophomonas
Otu0038,Potential,Both,RTPI,Bacteria,Proteobacteria,Gammaproteobacteria,Enterobacterales,Enterobacteriaceae,Citrobacter,amalonaticus,TACGGAGGGTGCAAGCGTTAATCGGAATTACTGGGCGTAAAGCGCACGCAGGCGGTCTGTCAAGTCGGATGTGAAATCCCCGGGCTCAACCTGGGAACTGCATTCGAAACTGGCAGGCTTGAGTCTCGTAGAGGGGGGTAGAATTCCAGGTGTAGCGGTGAAATGCGTAGAGATCTGGAGGAATACCGGTGGCGAAGGCGGCCCCCTGGACGAAGACTGACGCTCAGGTGCGAAAGCGTGGGGAGCAAACAGG,Otu0038,Citrobacter,Otu0038_Citrobacter
Otu0043,Potential,Both,Mosq or meso water,Bacteria,Proteobacteria,Gammaproteobacteria,Enterobacterales,Enterobacteriaceae,Kosakonia,Genus_Kosakonia,TACGAAGGGTGCAAGCGTTAATCGGAATTACTGGGCGTAAAGCGCGCGTAGGTGGCTTGATAAGTCGGATGTGAAATCCCCGGGCTCAACCTGGGAACTGCATTCGAAACTGGCAGGCTGGAGTCTCGTAGAGGGAGGTAGAATTCCAGGTGTAGCGGTGAAATGCGTAGAGATCTGGAGGAATACCGGTGGCGAAGGCGGCCTCCTGGACGAAGACTGACGCTCAGGTGCGAAAGCGTGGGGAGCAAACAGG,Otu0043,,Otu0043
Otu0044,Potential,Both,Mosq or meso water,Bacteria,Proteobacteria,Gammaproteobacteria,Pseudomonadales,Pseudomonadaceae,Pseudomonas,psychrotolerans,TACGGAGGGTGCAAGCGTTAATCGGAATTACTGGGCGTAAAGCGCACGCAGGCGGTCTGTCAAGTCGGATGTGAAATCCCCGGGCTCAACCTGGGAACTGCATCCAAAACTGTCTGGCTAGAGTGCGGTAGAGGGTAGTGGAATTTCCAGTGTAGCGGTGAAATGCGTAGATATTGGAAGGAACACCAGTGGCGAAGGCGACTACCTGGACTGACACTGACACTGAGGTGCGAAAGCGTGGGGAGCAAACAGG,Otu0044,,Otu0044
Otu0049,Potential,Both,Mosq or meso water,Bacteria,Proteobacteria,Gammaproteobacteria,Pseudomonadales,Pseudomonadaceae,Pseudomonas,psychrotolerans,TACGGAGGGTGCAAGCGTTAATCGGAATTACTGGGCGTAAAGCGCGCGTAGGTGGCTTGATAAGTTGGATGTGAAATCCCCGGGCTCAACCTGGGAACTGCATCCAAAACTGTCTGGCTAGAGTGCGGTAGAGGGTAGTGGAATTTCCAGTGTAGCGGTGAAATGCGTAGATATTGGAAGGAACACCAGTGGCGAAGGCGACTACCTGGACTGACACTGACACTGAGGTGCGAAAGCGTGGGGAGCAAACAGG,Otu0049,,Otu0049
Otu0052,Potential,Both,Mosq or meso water,Bacteria,Proteobacteria,Gammaproteobacteria,Pseudomonadales,Pseudomonadaceae,Pseudomonas,psychrotolerans,TACGGAGGGTGCAAGCGTTAATCGGAATTACTGGGCGTAAAGCGCACGCAGGCGGTCTGTCAAGTTGGATGTGAAATCCCCGGGCTCAACCTGGGAACTGCATCCAAAACTGTCTGGCTAGAGTGCGGTAGAGGGTAGTGGAATTTCCAGTGTAGCGGTGAAATGCGTAGATATTGGAAGGAACACCAGTGGCGAAGGCGACTACCTGGACTGACACTGACACTGAGGTGCGAAAGCGTGGGGAGCAAACAGG,Otu0052,,Otu0052
Otu0053,Intentional,Intentional,Intentional,Bacteria,Proteobacteria,Gammaproteobacteria,Pseudomonadales,Pseudomonadaceae,Pseudomonas,Genus_Pseudomonas,TACAGAGGGTGCAAGCGTTAATCGGAATTACTGGGCGTAAAGCGCGCGTAGGTGGTTTGTTAAGTTGGATGTGAAAGCCCCGGGCTCAACCTGGGAACTGCATCCAAAACTGGCAGGCTAGAGTACGGTAGAGGGTGGTGGAATTTCCTGTGTAGCGGTGAAATGCGTAGATATAGGAAGGAACACCAGTGGCGAAGGCGACCACCTGGACTGATACTGACACTGAGGTGCGAAAGCGTGGGGAGCAAACAGG,Otu0053,PSEU1/3,Otu0053_PSEU1/3
Otu0056,Potential,Meso water,RTPI,Bacteria,Proteobacteria,Gammaproteobacteria,Enterobacterales,Enterobacteriaceae,Kosakonia,Genus_Kosakonia,TACGAAGGGGGCTAGCGTTGCTCGGAATTACTGGGCGTAAAGCGCACGCAGGCGGTCTGTCAAGTCGGATGTGAAATCCCCGGGCTCAACCTGGGAACTGCATTCGAAACTGGCAGGCTGGAGTCTCGTAGAGGGAGGTAGAATTCCAGGTGTAGCGGTGAAATGCGTAGAGATCTGGAGGAATACCGGTGGCGAAGGCGGCCTCCTGGACGAAGACTGACGCTCAGGTGCGAAAGCGTGGGGAGCAAACAGG,Otu0056,Kosakonia,Otu0056_Kosakonia
Otu0058,Intentional,Intentional,Intentional,Bacteria,Firmicutes,Bacilli,Bacillales,Bacillaceae,Bacillus,Genus_Bacillus,TACGTAGGTGGCAAGCGTTATCCGGAATTATTGGGCGTAAAGCGCGCGCAGGTGGTTTCTTAAGTCTGATGTGAAAGCCCACGGCTCAACCGTGGAGGGTCATTGGAAACTGGGAGACTTGAGTGCAGAAGAGGAAAGTGGAATTCCATGTGTAGCGGTGAAATGCGTAGAGATATGGAGGAACACCAGTGGCGAAGGCGACTTTCTGGTCTGTAACTGACACTGAGGCGCGAAAGCGTGGGGAGCAAACAGG,Otu0058,BACI1,Otu0058_BACI1
Otu0061,Potential,Mosquitoes,Food,Bacteria,Firmicutes,Bacilli,Lactobacillales,Enterococcaceae,Enterococcus,faecium,TACGTAGGTGGCAAGCGTTGTCCGGATTTATTGGGCGTAAAGCGAGCGCAGGCGGTTTCTTAAGTCTGATGTGAAAGCCCCCGGCTCAACCGGGGAGGGTCATTGGAAACTGGGAGACTTGAGTGCAGAAGAGGAGAGTGGAATTCCATGTGTAGCGGTGAAATGCGTAGATATATGGAGGAACACCAGTGGCGAAGGCGGCTCTCTGGTCTGTAACTGACGCTGAGGCTCGAAAGCGTGGGGAGCAAACAGG,Otu0061,,Otu0061
Otu0068,Missing,Missing,Missing,Bacteria,Proteobacteria,Gammaproteobacteria,Enterobacterales,Enterobacteriaceae,Family_Enterobacteriaceae,Family_Enterobacteriaceae,TACGGAGGGTGCAAGCGTTAATCGGAATTACTGGGCGTAAAGCGCACGCAGGCGGTCTGTCAAGTCGGATGTGAAATCCCCGGGCTCAACCCGGGAACTGCATTCGAAACTGGCAGGCTTGAGTCTCGTAGAGGGGGGTAGAATTCCAGGTGTAGCGGTGAAATGCGTAGAGATCTGGAGGAATACCGGTGGCGAAGGCGGCCCCCTGGACGAAGACTGACGCTCAGGTGCGAAAGCGTGGGGAGCAAACAGG,Otu0068,,Otu0068
Otu0069,Potential,Mosquitoes,Food,Bacteria,Proteobacteria,Alphaproteobacteria,Acetobacterales,Acetobacteraceae,Acetobacter,Genus_Acetobacter,TACGAAGGGGGCTAGCGTTGCTCGGAATGACTGGGCGTAAAGGGCGTGTAGGCGGTTTGTACAGTCAGATGTGAAATCCCCGGGCTTAACCTGGGAGCTGCATTTGAGACGTGCAGACTAGAGTGTGAGAGAGGGTTGTGGAATTCCCAGTGTAGAGGTGAAATTCGTAGATATTGGGAAGAACACCGGTGGCGAAGGCGGCAACCTGGCTCATTACTGACGCTGAGGCGCGAAAGCGTGGGGAGCAAACAGG,Otu0069,,Otu0069
Otu0070,Potential,Both,RTPI,Bacteria,Proteobacteria,Gammaproteobacteria,Enterobacterales,Order_Enterobacterales,Order_Enterobacterales,Order_Enterobacterales,TACGGAGGGTGCAAGCGTTAATCGGAATTACTGGGCGTAAAGCGCACGCAGGCGGTCTGTTAAGTCAGATGTGAAATCCCCGGGCTTAACCTGGGAACTGCATTTGAAACTGGCAGGCTGGAGTCTCGTAGAGGGAGGTAGAATTCCAGGTGTAGCGGTGAAATGCGTAGAGATCTGGAGGAATACCGGTGGCGAAGGCGGCCTCCTGGACGAAGACTGACGCTCAGGTGCGAAAGCGTGGGGAGCAAACAGG,Otu0070,Order_Enterobacterales,Otu0070_Order_Enterobacterales
Otu0072,Missing,Missing,Missing,Bacteria,Proteobacteria,Gammaproteobacteria,Enterobacterales,Pectobacteriaceae,Family_Pectobacteriaceae,Family_Pectobacteriaceae,TACGGAGGGTGCGAGCGTTAATCGGAATTACTGGGCGTAAAGCGTACGCAGGCGGTTTGTTAAGTCAGATGTGAAATCCCCGAGCTTAACTCGGGAACTGCATTTGAAACTGGCAAGCTAGAGTCTCGTAGAGGGGGGTAGAATTCCAGGTGTAGCGGTGAAATGCGTAGAGATCTGGAGGAATACCGGTGGCGAAGGCGGCCCCCTGGACGAAGACTGACGCTCAGGTACGAAAGCGTGGGGAGCAAACAGG,Otu0072,,Otu0072
Otu0074,Missing,Missing,Missing,Bacteria,Proteobacteria,Gammaproteobacteria,Enterobacterales,Enterobacteriaceae,Salmonella,enterica,TACGGAGGGTGCAAGCGTTAATCGGAATTACTGGGCGTAAAGCGCACGCAGGCGGTCTGTCAAGTCGGATGTGAAATCCCCGGGCTCAACCTGGGAACTGCATTCGAAACTGGCAGGCTTGAGTCTTGTAGAGGGGGGTAGAATTCCAGGTGTAGCGGTGAAATGCGTAGAGATCTGGAGGAATACCGGTGGCGAAGGCGGCCCCCTGGACAAAGACTGACGCTCAGGTGCGAAAGCGTGGGGAGCAAACAGG,Otu0074,,Otu0074
Otu0079,Potential,Meso water,RTPI or hatch,Bacteria,Proteobacteria,Gammaproteobacteria,Enterobacterales,Erwiniaceae,Pantoea,Genus_Pantoea,TACGGAGGGTGCAAGCGTTAATCGGAATTACTGGGCGTAAAGCGCACGCAGGCGGTCTGTCAAGTCAGATGTGAAATCCCCGGGCTTAACCTGGGAACTGCATTTGAAACTGGCAGGCTTGAGTCTCGTAGAGGGGGGTAGAATTCCAGGTGTAGCGGTGAAATGCGTAGAGATCTGGAGGAATACCGGTGGCGAAGGCGGCCCCCTGGACGAAGACTGACGCTCAGGTGCGAAAGCGTGGGGAGCAAACAGG,Otu0079,Genus_Pantoea,Otu0079_Genus_Pantoea
Otu0080,Potential,Both,RTPI,Bacteria,Proteobacteria,Gammaproteobacteria,Enterobacterales,Erwiniaceae,Pantoea,Genus_Pantoea,TACGGAGGGTGCAAGCGTTAATCGGAATTACTGGGCGTAAAGCGCACGCAGGCGGTCTGTTAAGTCAGATGTGAAATCCCCGGGCTTAACCTGGGAACTGCATTTGAAACTGGCAGGCTTGAGTCTCGTAGAGGGGGGTAGAATTCCAGGTGTAGCGGTGAAATGCGTAGAGATCTGGAGGAATACCGGTGGCGAAGGCGGCCCCCTGGACAAAGACTGACGCTCAGGTGCGAAAGCGTGGGGAGCAAACAGG,Otu0080,Genus_Pantoea,Otu0080_Genus_Pantoea
Otu0084,Potential,Meso water,Meso water,Bacteria,Proteobacteria,Gammaproteobacteria,Enterobacterales,Enterobacteriaceae,Kosakonia,Genus_Kosakonia,TACGAAGGGGGCTAGCGTTGCTCGGAATGACTGGGCGTAAAGCGCACGCAGGCGGTCTGTCAAGTCGGATGTGAAATCCCCGGGCTCAACCTGGGAACTGCATTCGAAACTGGCAGGCTGGAGTCTCGTAGAGGGAGGTAGAATTCCAGGTGTAGCGGTGAAATGCGTAGAGATCTGGAGGAATACCGGTGGCGAAGGCGGCCTCCTGGACGAAGACTGACGCTCAGGTGCGAAAGCGTGGGGAGCAAACAGG,Otu0084,,Otu0084
Otu0086,Potential,Both,Mosq or meso water,Bacteria,Proteobacteria,Gammaproteobacteria,Enterobacterales,Order_Enterobacterales,Order_Enterobacterales,Order_Enterobacterales,TACGGAGGGTGCAAGCGTTAATCGGAATTACTGGGCGTAAAGCGCACGCAGGCGGTCTGTCAAGTCGGATGTGAAATCCCCGGGCTCAACCTGGGAACTGCATCCGAAACTGGCAGGCTTGAGTCTCGTAGAGGGGGGTAGAATTCCAGGTGTAGCGGTGAAATGCGTAGAGATCAGGAGGAACATCCATGGCGAAGGCAGCTACCTGGACCAACACTGACACTGAGGCACGAAAGCGTGGGGAGCAAACAGG,Otu0086,,Otu0086
Otu0087,Missing,Missing,Missing,Bacteria,Actinobacteriota,Actinobacteria,Pseudonocardiales,Pseudonocardiaceae,Actinomycetospora,Genus_Actinomycetospora,TACGTAGGGTGCGAGCGTTGTCCGGAATTATTGGGCGTAAAGAGCTCGTAGGCGGTGTGTCGCGTCGGCCGTGAAAACCTGGGGCTCAACTCTGGGCGTGCGGTCGATACGGGCATCACTTGAGTTCGGCAGGGGAGACTGGAATTCCTGGTGTAGCGGTGAAATGCGCAGATATCAGGAGGAACACCGGTGGCGAAGGCGGGTCTCTGGGCCGATACTGACGCTGAGGAGCGAAAGCATGGGTAGCGAACAGG,Otu0087,,Otu0087
Otu0088,Potential,Both,Infusion food hatch,Bacteria,Proteobacteria,Gammaproteobacteria,Burkholderiales,Burkholderiaceae,Ralstonia,insidiosa,TACGTAGGGTCCAAGCGTTAATCGGAATTACTGGGCGTAAAGCGTGCGCAGGCGGTTGTGCAAGACCGATGTGAAATCCCCGGGCTTAACCTGGGAATTGCATTGGTGACTGCACGGCTAGAGTGTGTCAGAGGGGGGTAGAATTCCACGTGTAGCAGTGAAATGCGTAGAGATGTGGAGGAATACCGATGGCGAAGGCAGCCCCCTGGGATAACACTGACGCTCATGCACGAAAGCGTGGGGAGCAAACAGG,Otu0088,,Otu0088
Otu0092,Potential,Meso water,RTPI,Bacteria,Proteobacteria,Gammaproteobacteria,Enterobacterales,Enterobacteriaceae,Family_Enterobacteriaceae,Family_Enterobacteriaceae,TACGGAGGGTGCAAGCGTTAATCGGAATTACTGGGCGTAAAGCGCACGCAGGCGGTCTGTCAAGTCGGATGTGAAATCCCCGGGCTCAACCTGGGAACTGCATTTGAAACTGGCAGGCTTGAGTCTCGTAGAGGGGGGTAGAATTCCAGGTGTAGCGGTGAAATGCGTAGAGATCTGGAGGAATACCGGTGGCGAAGGCGGCCCCCTGGACGAAGACTGACGCTCAGGTGCGAAAGCGTGGGGAGCAAACAGG,Otu0092,Family_Enterobacteriaceae,Otu0092_Family_Enterobacteriaceae
Otu0094,Missing,Missing,Missing,Bacteria,Actinobacteriota,Actinobacteria,Micrococcales,Micrococcaceae,Rothia,amarae,TACGTAGGGCGCGAGCGTTGTCCGGAATTATTGGGCGTAAAGAGCTTGTAGGCGGTTTGTTGCGTCTGCTGTGAAAGACCGGGGCTTAACCCCGGTATTGCAGTGGGTACGGGCAGACTAGAGTGCAGTAGGGGAGACTGGAATTCCTGGTGTAGCGGTGAAATGCGCAGATATCAGGAGGAACACCGATGGCGAAGGCAGGTCTCTGGGCTGTAACTGACGCTGAGAAGCGAAAGCATGGGGAGCGAACAGG,Otu0094,,Otu0094
Otu0096,Potential,Both,Infusion,Bacteria,Proteobacteria,Gammaproteobacteria,Xanthomonadales,Xanthomonadaceae,Stenotrophomonas,maltophilia,TACGAAGGGTGCAAGCGTTACTCGGAATTACTGGGCGTAAAGCGTGCGTAGGTGGTCGTTTAAGTCTGTTGTGAAAGCCCTGGGCTCAACCTGGGAACTGCAGTGGAAACTGGACGACTAGAGTGTGGTAGAGGGTAGCGGAATTCCTGGTGTAGCAGTGAAATGCGTAGAGATCAGGAGGAACATCCATGGCGAAGGCAGCTACCTGGACCAACACTGACACTGAGGCACGAAAGCGTGGGGAGCAAACAGG,Otu0096,,Otu0096
Otu0097,Missing,Missing,Missing,Bacteria,Actinobacteriota,Actinobacteria,Pseudonocardiales,Pseudonocardiaceae,Actinomycetospora,Genus_Actinomycetospora,TACGTAGGGTGCGAGCGTTGTCCGGAATTATTGGGCGTAAAGAGCTCGTAGGCGGTGTGTCGCGTCGGCCGTGAAAACCTGGGGCTTAACTCTGGGCGTGCGGTCGATACGGGCATCACTTGAGTTCGGCAGGGGAGACTGGAATTCCTGGTGTAGCGGTGAAATGCGCAGATATCAGGAGGAACACCGGTGGCGAAGGCGGGTCTCTGGGCCGATACTGACGCTGAGGAGCGAAAGCATGGGTAGCGAACAGG,Otu0097,,Otu0097
Otu0116,Potential,Mosquitoes,Mosquitoes,Bacteria,Proteobacteria,Gammaproteobacteria,Pseudomonadales,Pseudomonadaceae,Pseudomonas,aeruginosa,TACGAAGGGTGCAAGCGTTAATCGGAATTACTGGGCGTAAAGCGCGCGTAGGTGGTTCAGCAAGTTGGATGTGAAATCCCCGGGCTCAACCTGGGAACTGCATCCAAAACTACTGAGCTAGAGTACGGTAGAGGGTGGTGGAATTTCCTGTGTAGCGGTGAAATGCGTAGATATAGGAAGGAACACCAGTGGCGAAGGCGACCACCTGGACTGATACTGACACTGAGGTGCGAAAGCGTGGGGAGCAAACAGG,Otu0116,,Otu0116
Otu0117,Missing,Missing,Missing,Bacteria,Proteobacteria,Gammaproteobacteria,Pseudomonadales,Pseudomonadaceae,Pseudomonas,Genus_Pseudomonas,TACAGAGGGTGCAAGCGTTAATCGGAATTACTGGGCGTAAAGCGCGCGTAGGTGGTTTGCCAAGTTGAATGTGAAATCCCCGGGCTCAACCTGGGAACTGCATCCAAAACTGGCAGGCTAGAGTATGGTAGAGGGTGGTGGAATTTCCTGTGTAGCGGTGAAATGCGTAGATATAGGAAGGAACATCAGTGGCGAAGGCGACCACCTGGACTGATACTGACACTGAGGTGCGAAAGCGTGGGGAGCAAACAGG,Otu0117,,Otu0117
Otu0118,Missing,Missing,Missing,Bacteria,Actinobacteriota,Actinobacteria,Micrococcales,Microbacteriaceae,Amnibacterium,Genus_Amnibacterium,TACGTAGGGTGCAAGCGTTGTCCGGAATTATTGGGCGTAAAGAGCTCGTAGGCGGTTTGTCGCGTCTGCTGTGAAAACGCGAGGCTCAACCTCGCGCCTGCAGTGGGTACGGGCAGACTGGAGTGCGGTAGGGGAGATTGGAATTCCTGGTGTAGCGGTGGAATGCGCAGATATCAGGAGGAACACCGATGGCGAAGGCAGATCTCTGGGCCGTTACTGACGCTGAGGAGCGAAAGCGTGGGGAGCGAACAGG,Otu0118,,Otu0118
Otu0121,Potential,Mosquitoes,Mosquitoes,Bacteria,Proteobacteria,Gammaproteobacteria,Enterobacterales,Orbaceae,Family_Orbaceae,Family_Orbaceae,TACGGAGGGTGCGAGCGTTAATCGGAATGACTGGGCGTAAAGGGCATGTAGGCGGATGATTAAGTTAGATGTGAAATCCCTGGGCTTAACCTAGGAATTGCATTTAAAACTGGTTATCTAGAGTATTGTAGAGGAAGGTAGAATTCCATGTGTAGCGGTGAAATGCGTAGAGATGTGGAGGAATACCGGTGGCGAAGGCGGCCTTCTGGACAGATACTGACGCTGAGATGCGAAAGCGTGGGGAGCAAACAGG,Otu0121,,Otu0121
Otu0128,Wolbachia,Wolbachia,Wolbachia,Bacteria,Proteobacteria,Alphaproteobacteria,Rickettsiales,Anaplasmataceae,Wolbachia,Genus_Wolbachia,TACGAAGGGTGCAAGCGTTACTCGGAATTATTGGGCGTAAAGGGCGCGTAGGCTGGTTAATAAGTTAAAAGTGAAATCCCGAGGCTTAACCTTGGAATTGCTTTTAAAACTATTAATCTAGAGATTGAAAGAGGATAGAGGAATTCCTGATGTAGAGGTAAAATTCGTAAATATTAGGAGGAACACCAGTGGCGAAGGCGTCTATCTGGTTCAAATCTGACGCTGAAGCGCGAAGGCGTGGGGAGCAAACAGG,Otu0128,,Otu0128
Otu0132,Missing,Missing,Missing,Bacteria,Actinobacteriota,Actinobacteria,Kineosporiales,Kineosporiaceae,Pseudokineococcus,marinus,TACGTAGGGTGCGAGCGTTGTCCGGAATTATTGGGCGTAAAGAGCTCGTAGGCGGCTCGTCGCGTCTGCTGTGAAAGCCCGGGGCTTAACCCTGGGTCTGCAGTGGGTACGGGCGAGCTAGAGTGCGGTAGGGGAGACTGGAATTCCTGGTGTAGCGGTGAAATGCGCAGATATCAGGAGGAACACCGGTGGCGAAGGCGGGTCTCTGGGCCGTAACTGACGCTGAGGAGCGAAAGCATGGGTAGCGAACAGG,Otu0132,,Otu0132
Otu0133,Missing,Missing,Missing,Bacteria,Deinococcota,Deinococci,Deinococcales,Trueperaceae,Truepera,Genus_Truepera,TACGGAGGGTGCGAGCGTTATCCGGAATCACTGGGCGTAAAGGGCGCGTAGGCGGTTTGTTAAGTCCGATGTTAAAGACCGAGGCTCAACCTCGACACGGCGTTGGATACTGGCAAGCTGGACGGTTGGAGAGGAAGGTAGAATTACCAGTGTAGCGGTGGAATGCGTAGATACTGGTAGGAATACCCATTGCGAAGGCAGCCTTCTGGACAACACGTGACGCTGAGGCGCGAAAGTGTGGGGAGCAAACCGG,Otu0133,,Otu0133
Otu0137,Potential,Mosquitoes,Infusion food hatch,Bacteria,Proteobacteria,Gammaproteobacteria,Burkholderiales,Burkholderiaceae,Ralstonia,pickettii,TACGTAGGGTCCAAGCGTTAATCGGAATTACTGGGCGTAAAGCGTGCGCAGGCGGTTGTGCAAGACCGATGTGAAATCCCCGAGCTTAACTTGGGAATTGCATTGGTGACTGCACGGCTAGAGTGTGTCAGAGGGGGGTAGAATTCCACGTGTAGCAGTGAAATGCGTAGAGATGTGGAGGAATACCGATGGCGAAGGCAGCCCCCTGGGATAACACTGACGCTCATGCACGAAAGCGTGGGGAGCAAACAGG,Otu0137,,Otu0137
Otu0138,Potential,Mosquitoes,Hatch,Bacteria,Proteobacteria,Alphaproteobacteria,Caulobacterales,Caulobacteraceae,Caulobacter,Genus_Caulobacter,TACGAAGGGGGCTAGCGTTGCTCGGAATTACTGGGCGTAAAGGGAGCGTAGGCGGATAGTTTAGTCAGAGGTGAAAGCCCAGGGCTCAACCTTGGAATTGCCCTTGATACTGGCTATCTTGAGTACGGAAGAGGTATGTGGAACTCCGAGTGTAGAGGTGAAATTCGTAGATATTCGGAAGAACACCAGTGGCGAAGGCGACATACTGGTCCGTTACTGACGCTGAGGCTCGAAAGCGTGGGGAGCAAACAGG,Otu0138,,Otu0138
Otu0147,Potential,Meso water,Meso water,Bacteria,Proteobacteria,Gammaproteobacteria,Enterobacterales,Enterobacteriaceae,Family_Enterobacteriaceae,Family_Enterobacteriaceae,TACGGAGGGTGCAAGCGTTAATCGGAATTACTGGGCGTAAAGCGCACGCAGGCGGTCTGTCAAGTTGGATGTGAAATCCCCGGGCTCAACCTGGGAACTGCATCCAAAACTGTCTGGCTAGAGTGCGGTAGAGGGTAGTGGAATTTCCAGTGTAGCGGTGAAATGCGTAGAGATCTGGAGGAATACCGGTGGCGAAGGCGGCCTCCTGGACGAAGACTGACGCTCAGGTGCGAAAGCGTGGGGAGCAAACAGG,Otu0147,,Otu0147
Otu0152,Potential,Mosquitoes,Infusion or hatch,Bacteria,Proteobacteria,Gammaproteobacteria,Burkholderiales,Burkholderiaceae,Cupriavidus,necator,TACGTAGGGTGCGAGCGTTAATCGGAATTACTGGGCGTAAAGCGTGCGCAGGCGGTTTTGTAAGACAGGCGTGAAATCCCCGAGCTCAACTTGGGAATGGCGCTTGTGACTGCAAGGCTAGAGTATGTCAGAGGGGGGTAGAATTCCACGTGTAGCAGTGAAATGCGTAGAGATGTGGAGGAATACCGATGGCGAAGGCAGCCCCCTGGGACGTCACTGACGCTCATGCACGAAAGCGTGGGGAGCAAACAGG,Otu0152,,Otu0152
Otu0153,Missing,Missing,Missing,Bacteria,Proteobacteria,Gammaproteobacteria,Burkholderiales,Burkholderiaceae,Burkholderia-Caballeronia-Paraburkholderia,xenovorans,TACGTAGGGTGCAAGCGTTAATCGGAATTACTGGGCGTAAAGCGTGCGCAGGCGGTTCGCTAAGACAGATGTGAAATCCCCGGGCTTAACCTGGGAACTGCATTTGTGACTGGCGGGCTAGAGTATGGCAGAGGGGGGTAGAATTCCACGTGTAGCAGTGAAATGCGTAGAGATGTGGAGGAATACCGATGGCGAAGGCAGCCCCCTGGGCCAATACTGACGCTCATGCACGAAAGCGTGGGGAGCAAACAGG,Otu0153,,Otu0153
Otu0157,Potential,Mosquitoes,Infusion,Bacteria,Proteobacteria,Alphaproteobacteria,Sphingomonadales,Sphingomonadaceae,Novosphingobium,resinovorum,TACGGAGGGAGCTAGCGTTGTTCGGAATTACTGGGCGTAAAGCGCGCGTAGGCGGTTACTCAAGTCAGAGGTGAAAGCCCGGGGCTCAACCCCGGAACTGCCTTTGAAACTAGGTGACTAGAATCTTGGAGAGGTCAGTGGAATTCCGAGTGTAGAGGTGAAATTCGTAGATATTCGGAAGAACACCAGTGGCGAAGGCGACTGACTGGACAAGTATTGACGCTGAGGTGCGAAAGCGTGGGGAGCAAACAGG,Otu0157,,Otu0157
Otu0158,Potential,Both,Mosq or meso water,Bacteria,Proteobacteria,Gammaproteobacteria,Enterobacterales,Enterobacteriaceae,Family_Enterobacteriaceae,Family_Enterobacteriaceae,TACGAAGGGTGCAAGCGTTACTCGGAATTACTGGGCGTAAAGCGCACGCAGGCGGTCTGTCAAGTCGGATGTGAAATCCCCGGGCTCAACCTGGGAACTGCATTCGAAACTGGCAGGCTAGAGTCTTGTAGAGGGGGGTAGAATTCCAGGTGTAGCGGTGAAATGCGTAGAGATCTGGAGGAATACCGGTGGCGAAGGCGGCCTCCTGGACGAAGACTGACGCTCAGGTGCGAAAGCGTGGGGAGCAAACAGG,Otu0158,,Otu0158
Otu0162,Intentional,Intentional,Intentional,Bacteria,Proteobacteria,Gammaproteobacteria,Enterobacterales,Morganellaceae,Proteus,mirabilis,TACGGAGGGTGCAAGCGTTAATCGGAATTACTGGGCGTAAAGCGCACGCAGGCGGTCAATTAAGTCAGATGTGAAAGCCCCGAGCTTAACTTGGGAATTGCATCTGAAACTGGTTGGCTAGAGTCTTGTAGAGGGGGGTAGAATTCCATGTGTAGCGGTGAAATGCGTAGAGATGTGGAGGAATACCGGTGGCGAAGGCGGCCCCCTGGACAAAGACTGACGCTCAGGTGCGAAAGCGTGGGGAGCAAACAGG,Otu0162,PROT1,Otu0162_PROT1
Otu0163,Potential,Both,Mosq or meso water,Bacteria,Proteobacteria,Gammaproteobacteria,Enterobacterales,Enterobacteriaceae,Kosakonia,radicincitans,TACGGAGGGTGCAAGCGTTAATCGGAATTACTGGGCGTAAAGCGCACGCAGGCGGTCTGTCAAGTCGGATGTGAAATCCCCGGGCTCAACCTGGGAACTGCATTCGAAACTGGCAGGCTGGAGTCTCGTAGAGGGAGGTAGAATTCCAGGTGTAGCGGTGAAATGCGTAGAGATCTGGAGGAATACCGGTGGCGAAGGCGGCCTCCTGGACGAAGACTGACACTGAGGCACGAAAGCGTGGGGAGCAAACAGG,Otu0163,,Otu0163
Otu0172,Potential,Mosquitoes,Mosquitoes,Bacteria,Actinobacteriota,Actinobacteria,Micrococcales,Dermabacteraceae,Brachybacterium,Genus_Brachybacterium,TACGTAGGGCGCAAGCGTTGTCCGGAATTATTGGGCGTAAAGAGCTTGTAGGTGGCTTGTCGCGTCTGCCGTGAAAACCCGAGGCTCAACCTCGGGCGTGCGGTGGGTACGGGCAGGCTAGAGTGTGGTAGGGGAGACTGGAACTCCTGGTGTAGCGGTGAAATGCGCAGATATCAGGAAGAACACCGATGGCGAAGGCAGGTCTCTGGGCCATTACTGACACTGAGAAGCGAAAGCATGGGTAGCGAACAGG,Otu0172,,Otu0172
Otu0175,Missing,Missing,Missing,Bacteria,Proteobacteria,Alphaproteobacteria,Rhizobiales,Beijerinckiaceae,Methylobacterium-Methylorubrum,aerolatum,TACGAAGGGGGCTAGCGTTGCTCGGAATCACTGGGCGTAAAGGGCGCGTAGGCGGCGTTTTAAGTTGGGGGTGAAAGCCTGTGGCTCAACCACAGAATTGCCTTCGATACTGGGACGCTTGAGTGTGGTAGAGGTTGGTGGAACTGCGAGTGTAGAGGTGAAATTCGTAGATATTCGCAAGAACACCGGTGGCGAAGGCGGCCAACTGGACCATCACTGACGCTGAGGCGCGAAAGCGTGGGGAGCAAACAGG,Otu0175,,Otu0175
Otu0176,Missing,Missing,Missing,Bacteria,Proteobacteria,Alphaproteobacteria,Caulobacterales,Caulobacteraceae,Family_Caulobacteraceae,Family_Caulobacteraceae,TACGAAGGGGGCTAGCGTTGCTCGGAATTACTGGGCGTAAAGGGAGCGTAGGCGGGTCGTTTAGTCAGAGGTGAAATCCCGGGGCTCAACCTCGGAACTGCCTTTGATACTGGCGACCTTGAGTATGGGAGAGGTGAGTGGAACTCCGAGTGTAGAGGTGAAATTCGTAGATATTCGGAAGAACACCAGTGGCGAAGGCGACTCACTGGCCCATTACTGACGCTGAGGCTCGAAAGCGTGGGGAGCAAACAGG,Otu0176,,Otu0176
Otu0177,Missing,Missing,Missing,Bacteria,Actinobacteriota,Actinobacteria,Kineosporiales,Kineosporiaceae,Pseudokineococcus,Genus_Pseudokineococcus,TACGTAGGGTGCAAGCGTTGTCCGGAATTATTGGGCGTAAAGAGCTCGTAGGCGGCTCGTCGCGTCTGCTGTGAAAGCCCGGGGCTTAACCCCGGGTCTGCAGTGGGTACGGGCGGGCTAGAGTGCGGTAGGGGAGACTGGAATTCCTGGTGTAGCGGTGAAATGCGCAGATATCAGGAGGAACACCGGTGGCGAAGGCGGGTCTCTGGGCCGTAACTGACGCTGAGGAGCGAAAGCATGGGTAGCGAACAGG,Otu0177,,Otu0177
Otu0179,Missing,Missing,Missing,Bacteria,Proteobacteria,Alphaproteobacteria,Rhizobiales,Beijerinckiaceae,1174-901-12,Genus_1174-901-12,TACGAAGGGGGCTAGCGTTGTTCGGAATCACTGGGCGTAAAGGGTGCGCAGGCGGGTTCATAAGTCAGGGGTGAAATCCCGAGGCTCAACCTCGGAACGGCCTTTGATACTGTGGATCTTGAGTCCGGAAGAGGTGAGTGGAACTGCGAGTGTAGAGGTGAAATTCGTAGATATTCGCAAGAACACCGGTGGCGAAGGCGGCTCACTGGTCCGGAACTGACGCTCATGCACGACAGCGTGGGGAGCAAACAGG,Otu0179,,Otu0179
Otu0181,Potential,Mosquitoes,Infusion,Bacteria,Actinobacteriota,Actinobacteria,Kineosporiales,Kineosporiaceae,Quadrisphaera,granulorum,TACGTAGGGTGCAAGCGTTGTCCGGAATTATTGGGCGTAAAGAGCTCGTAGGCGGTTTGTCGCGTCTGCTGTGAAAACGCGGGGCTCAACTCCGCGCCTGCAGTGGGTACGGGCAGACTAGAGTGCAGTAGGGGAGACTGGAATTCCTGGTGTAGCGGTGGAATGCGCAGATATCAGGAGGAACACCGGTGGCGAAGGCGGGTCTCTGGGCTGTAACTGACGCTGAGGAGCGAAAGCGTGGGTAGCGAACAGG,Otu0181,,Otu0181
Otu0191,Potential,Mosquitoes,Food,Bacteria,Firmicutes,Bacilli,Lactobacillales,Lactobacillaceae,Lactiplantibacillus,Genus_Lactiplantibacillus,TACGTAGGTGGCAAGCGTTGTCCGGATTTATTGGGCGTAAAGCGAGCGCAGGCGGTTTTTTAAGTCTGATGTGAAAGCCTTCGGCTCAACCGAAGAAGTGCATCGGAAACTGGGAAACTTGAGTGCAGAAGAGGACAGTGGAACTCCATGTGTAGCGGTGAAATGCGTAGATATATGGAAGAACACCAGTGGCGAAGGCGGCTGTCTGGTCTGTAACTGACGCTGAGGCTCGAAAGTATGGGTAGCAAACAGG,Otu0191,,Otu0191
Otu0195,Potential,Meso water,Meso water,Bacteria,Proteobacteria,Gammaproteobacteria,Enterobacterales,Enterobacteriaceae,Family_Enterobacteriaceae,Family_Enterobacteriaceae,TACGGAGGGTGCAAGCGTTAATCGGAATTACTGGGCGTAAAGCGCACGCAGGCGGTCTGTCAAGTCGGATGTGAAATCCCCGGGCTCAACCTGGGAACTGCAGTGGATACTGGGCGACTAGAGTGTGGTAGAGGGTAGCGGAATTCCTGGTGTAGCAGTGAAATGCGTAGAGATCTGGAGGAATACCGGTGGCGAAGGCGGCCTCCTGGACGAAGACTGACGCTCAGGTGCGAAAGCGTGGGGAGCAAACAGG,Otu0195,,Otu0195
Otu0196,Potential,Mosquitoes,Mosquitoes,Bacteria,Firmicutes,Bacilli,Staphylococcales,Staphylococcaceae,Staphylococcus,Genus_Staphylococcus,TACGTAGGTGGCAAGCGTTATCCGGAATTATTGGGCGTAAAGCGCGCGTAGGTGGTTTTTTAAGTCTGATGTGAAAGCCCACGGCTCAACCGTGGAGGGTCATTGGAAACTGGAAAACTTGAGTGCAGAAGAGGAAAGTGGAATTCCATGTGTAGCGGTGAAATGCGCAGAGATATGGAGGAACACCAGTGGCGAAGGCGACTTTCTGGTCTGTAACTGACGCTGATGTGCGAAAGCGTGGGGATCAAACAGG,Otu0196,,Otu0196
Otu0202,Missing,Missing,Missing,Bacteria,Proteobacteria,Alphaproteobacteria,Rhizobiales,Rhizobiaceae,Family_Rhizobiaceae,Family_Rhizobiaceae,TACGAAGGGGGCTAGCGTTGTTCGGAATTACTGGGCGTAAAGCGCACGTAGGCGGACTTTTAAGTCAGGGGTGAAATCCCGGGGCTCAACCTCGGAACTGCCTTTGATACTGGAAGTCTTGAGTATGGAAGAGGTTAGTGGAATTGCGAGTGTAGAGGTGAAATTCGTAGATATTCGCAGGAACACCAGTGGCGAAGGCGGCTAACTGGTCCATAACTGACGCTGAGGTGCGAAAGCGTGGGGAGCAAACAGG,Otu0202,,Otu0202
Otu0205,Missing,Missing,Missing,Bacteria,Proteobacteria,Gammaproteobacteria,Enterobacterales,Erwiniaceae,Family_Erwiniaceae,Family_Erwiniaceae,TACGGAGGGTGCAAGCGTTAATCGGAATTACTGGGCGTAAAGCGCACGCAGGCGGTCTGTTAAGTCAGATGTGAAATCCCCGGGCTTAACCTGGGAACTGCATTTGAAACTGGCAGGCTAGAGTCTTGTAGAGGGGGGTAGAATTCCAGGTGTAGCGGTGAAATGCGTAGAGATCTGGAGGAATACCGGTGGCGAAGGCGGCCCCCTGGACAAAGACTGACGCTCAGGTGCGAAAGCGTGGGGAGCAAACAGG,Otu0205,Family_Erwiniaceae,Otu0205_Family_Erwiniaceae
Otu0208,Potential,Mosquitoes,Infusion or hatch,Bacteria,Firmicutes,Bacilli,Staphylococcales,Staphylococcaceae,Staphylococcus,equorum,TACGTAGGTGGCAAGCGTTATCCGGAATTATTGGGCGTAAAGCGCGCGTAGGCGGTTTCTTAAGTCTGATGTGAAAGCCCACGGCTCAACCGTGGAGGGTCATTGGAAACTGGGAAACTTGAGTACAGAAGAGGAAAGTGGAATTCCATGTGTAGCGGTGAAATGCGCAGAGATATGGAGGAACACCAGTGGCGAAGGCGACTTTCTGGTCTGTAACTGACGCTGATGTGCGAAAGCGTGGGGATCAAACAGG,Otu0208,,Otu0208
Otu0209,Potential,Mosquitoes,Infusion,Bacteria,Proteobacteria,Alphaproteobacteria,Rhizobiales,Beijerinckiaceae,Bosea,Genus_Bosea,TACGAAGGGGGCTAGCGTTGCTCGGAATCACTGGGCGTAAAGGGCGCGTAGGCGGACTCTTAAGTCGGGGGTGAAAGCCCAGGGCTCAACCCTGGAATTGCCTTCGATACTGGGAGTCTTGAGTTCGGAAGAGGTTGGTGGAACTGCGAGTGTAGAGGTGAAATTCGTAGATATTCGCAAGAACACCAGTGGCGAAGGCGGCCAACTGGTCCGAAACTGACGCTGAGGCGCGAAAGCGTGGGGAGCAAACAGG,Otu0209,,Otu0209
Otu0218,Potential,Meso water,Meso water,Bacteria,Proteobacteria,Gammaproteobacteria,Enterobacterales,Enterobacteriaceae,Family_Enterobacteriaceae,Family_Enterobacteriaceae,TACGGAGGGTGCAAGCGTTAATCGGAATTACTGGGCGTAAAGCGCACGCAGGCGGTCTGTCAAGTCGGATGTGAAATCCCCGGGCTCAACCTGGGAACTGCATTTGAAACTGGCAGGCTTGAGTCTCGTAGAGGGGGGTAGAATTCCAGGTGTAGCGGTGAAATGCGTAGAGATCTGGAGGAATACCGGTGGCGAAGGCGGCCTCCTGGACGAAGACTGACGCTCAGGTGCGAAAGCGTGGGGAGCAAACAGG,Otu0218,,Otu0218
Otu0220,Potential,Both,Mosq or meso water,Bacteria,Proteobacteria,Gammaproteobacteria,Enterobacterales,Pasteurellaceae,Haemophilus,parainfluenzae,TACGGAGGGTGCGAGCGTTAATCGGAATAACTGGGCGTAAAGGGCACGCAGGCGGTGACTTAAGTGAGGTGTGAAAGCCCCGGGCTTAACCTGGGAATTGCATTTCATACTGGGTCGCTAGAGTACTTTAGGGAGGGGTAGAATTCCACGTGTAGCGGTGAAATGCGTAGAGATGTGGAGGAATACCGAAGGCGAAGGCAGCCCCTTGGGAATGTACTGACGCTCATGTGCGAAAGCGTGGGGAGCAAACAGG,Otu0220,,Otu0220
Otu0225,Missing,Missing,Missing,Bacteria,Actinobacteriota,Actinobacteria,Micrococcales,Microbacteriaceae,Amnibacterium,Genus_Amnibacterium,TACGTAGGGTGCAAGCGTTGTCCGGAATTATTGGGCGTAAAGAGCTCGTAGGCGGTTTGTCGCGTCTGCTGTGAAAACGCGAGGCTCAACCTCGCGCCTGCAGTGGGTACGGGCAGACTTGAGTGCGGTAGGGGAGATTGGAATTCCTGGTGTAGCGGTGGAATGCGCAGATATCAGGAGGAACACCGATGGCGAAGGCAGATCTCTGGGCCGTTACTGACGCTGAGGAGCGAAAGCGTGGGGAGCGAACAGG,Otu0225,,Otu0225
Otu0226,Missing,Missing,Missing,Bacteria,Proteobacteria,Alphaproteobacteria,Sphingomonadales,Sphingomonadaceae,Sphingobium,yanoikuyae,TACGGAGGGAGCTAGCGTTGTTCGGAATTACTGGGCGTAAAGCGCACGTAGGCGGCTATTCAAGTCAGAGGTGAAAGCCCGGGGCTCAACCCCGGAACTGCCTTTGAAACTAGATAGCTTGAATCCAGGAGAGGTGAGTGGAATTCCGAGTGTAGAGGTGAAATTCGTAGATATTCGGAAGAACACCAGTGGCGAAGGCGGCTCACTGGACTGGTATTGACGCTGAGGTGCGAAAGCGTGGGGAGCAAACAGG,Otu0226,,Otu0226
Otu0227,Potential,Meso water,Meso water,Bacteria,Proteobacteria,Gammaproteobacteria,Enterobacterales,Enterobacteriaceae,Family_Enterobacteriaceae,Family_Enterobacteriaceae,TACGGAGGGTGCAAGCGTTAATCGGAATTACTGGGCGTAAAGCGCACGCAGGCGGTCTGTCAAGTCGGATGTGAAATCCCCGGGCTCAACCCGGGAACTGCATTTGAAACTGGCAGGCTTGAGTCTCGTAGAGGGGGGTAGAATTCCAGGTGTAGCGGTGAAATGCGTAGAGATCTGGAGGAATACCGGTGGCGAAGGCGGCCTCCTGGACGAAGACTGACGCTCAGGTGCGAAAGCGTGGGGAGCAAACAGG,Otu0227,,Otu0227
Otu0228,Potential,Mosquitoes,Infusion,Bacteria,Bacteroidota,Bacteroidia,Cytophagales,Hymenobacteraceae,Hymenobacter,Genus_Hymenobacter,TACGGAGGGTGCAAGCGTTGTCCGGATTTATTGGGTTTAAAGGGTGCGTAGGTGGCTTGTTAAGTCCGGGGTGAAAGCCCACAGCTCAACTGTGGAACTGCCCTGGATACTGGCGAGCTTGAGTCCAGACGAGGTTGGCGGAATGGATGCTGTAGCGGTGAAATGCATAGATAGCATCCAGAACCCCGATTGCGTAGGCAGCTGACTAGGCTGGTACTGACACTGAGGCACGAAAGCGTGGGGAGCGAACAGG,Otu0228,,Otu0228
Otu0229,Potential,Mosquitoes,Infusion,Bacteria,Actinobacteriota,Actinobacteria,Micrococcales,Microbacteriaceae,Curtobacterium,Genus_Curtobacterium,TACGTAGGGTGCAAGCGTTGTCCGGAATTATTGGGCGTAAAGAGCTCGTAGGCGGTTTGTCGCGTCTGCTGTGAAATCCCGAGGCTCAACCTCGGGCTTGCAGTGGGTACGGGCAGACTAGAGTGCGGTAGGGGAGATTGGAATTCCTGGTGTAGCGGTGGAATGCGCAGATATCAGGAGGAACACCGATGGCGAAGGCAGATCTCTGGGCCGTAACTGACGCTGAGGAGCGAAAGCGTGGGGAGCGAACAGG,Otu0229,,Otu0229
Otu0238,Potential,Mosquitoes,Mosquitoes,Bacteria,Bacteroidota,Bacteroidia,Flavobacteriales,Weeksellaceae,Chryseobacterium,gallinarum,TACGAAGGGTGCAAGCGTTATCCGGATTTATTGGGTTTAAAGGGTCCGTAGGCTGATTTGTAAGTCAGTGGTGAAATCTCACAGCTTAACTGTGAAACTGCCATTGATACTGCAAGTCTTGAGTGTTGTTGAAGTAGCTGGAATAAGTAGTGTAGCGGTGAAATGCATAGATATTACTTAGAACACCAATTGCGAAGGCAGGTTACTAAGCAACAACTGACGCTGATGGACGAAAGCGTGGGGAGCGAACAGG,Otu0238,,Otu0238
Otu0243,Potential,Mosquitoes,Mosquitoes,Bacteria,Proteobacteria,Gammaproteobacteria,Burkholderiales,Comamonadaceae,Family_Comamonadaceae,Family_Comamonadaceae,TACGTAGGGTGCAAGCGTTAATCGGAATTACTGGGCGTAAAGCGTGCGCAGGCGGTTATGCAAGACAGATGTGAAATCCCCGGGCTCAACCTGGGAACTGCATTTGTGACTGCATGGCTAGAGTACGGTAGAGGGGGATGGAATTCCGCGTGTAGCAGTGAAATGCGTAGATATGCGGAGGAACACCGATGGCGAAGGCAATCCCCTGGACCTGTACTGACGCTCATGCACGAAAGCGTGGGGAGCAAACAGG,Otu0243,,Otu0243
Otu0245,Potential,Mosquitoes,Infusion,Bacteria,Proteobacteria,Gammaproteobacteria,Burkholderiales,Comamonadaceae,Xylophilus,Genus_Xylophilus,TACGTAGGGTGCAAGCGTTAATCGGAATTACTGGGCGTAAAGCGTGCGCAGGCGGTAATGTAAGACAGATGTGAAATCCCCGGGCTCAACCTGGGAACTGCATTTGTGACTGCATTGCTGGAGTGCGGCAGAGGGGGATGGAATTCCGCGTGTAGCAGTGAAATGCGTAGATATGCGGAGGAACACCGATGGCGAAGGCAATCCCCTGGGCCTGCACTGACGCTCATGCACGAAAGCGTGGGGAGCAAACAGG,Otu0245,,Otu0245
Otu0246,Potential,Mosquitoes,Infusion or hatch,Bacteria,Actinobacteriota,Actinobacteria,Corynebacteriales,Corynebacteriaceae,Lawsonella,clevelandensis,TACGTAGGGTGCGAGCGTTGTCCGGAATTACTGGGCGTAAAGAGCTCGTAGGCGGTTTGTCACGTCGTCTGTGAAATCCTAGGGCTTAACCCTGGACGTGCAGGCGATACGGGCTGACTTGAGTACTACAGGGGAGACTGGAATTTCTGGTGTAGCGGTGGAATGCACAGATATCAGGAAGAACACCGATGGCGAAGGCAGGTCTCTGGGTAGTAACTGACGCTGAGGAGCGAAAGCATGGGTAGCGAACAGG,Otu0246,,Otu0246
Otu0247,Missing,Missing,Missing,Bacteria,Proteobacteria,Alphaproteobacteria,Sphingomonadales,Sphingomonadaceae,Sphingomonas,Genus_Sphingomonas,TACGGAGGGAGCTAGCGTTGTTCGGAATTACTGGGCGTAAAGCGCACGTAGGCGGCTTTGTAAGTTAGAGGTGAAAGCCTGGAGCTCAACTCCAGAATTGCCTTTAAGACTGCATCGCTTGAATCCAAGAGAGGTGAGTGGAATTCCGAGTGTAGAGGTGAAATTCGTAGATATTCGGAAGAACACCAGTGGCGAAGGCGGCTCACTGGCTTGGTATTGACGCTGAGGTGCGAAAGCGTGGGGAGCAAACAGG,Otu0247,,Otu0247
Otu0248,Missing,Missing,Missing,Bacteria,Proteobacteria,Gammaproteobacteria,Enterobacterales,Enterobacteriaceae,Kosakonia,Genus_Kosakonia,TACGGAGGGTGCAAGCGTTAATCGGAATTACTGGGCGTAAAGCGCACGCAGGCGGTCTGTCAAGTCGGATGTGAAATCCCCGGGCTCAACCTGGGAACTGCATTCGAAACTGGCAGGCTAGAGTCTCGTAGAGGGAGGTAGAATTCCAGGTGTAGCGGTGAAATGCGTAGAGATCTGGAGGAATACCGGTGGCGAAGGCGGCCTCCTGGACGAAGACTGACGCTCAGGTGCGAAAGCGTGGGGAGCAAACAGG,Otu0248,,Otu0248
Otu0250,Potential,Mosquitoes,Infusion or food,Bacteria,Proteobacteria,Gammaproteobacteria,Burkholderiales,Comamonadaceae,Family_Comamonadaceae,Family_Comamonadaceae,TACGTAGGGTGCAAGCGTTAATCGGAATTACTGGGCGTAAAGCGTGCGCAGGCGGTTATGCAAGACAGAGGTGAAATCCCCGGGCTCAACCTGGGAACTGCCTTTGTGACTGCATGGCTAGAGTACGGTAGAGGGGGATGGAATTCCGCGTGTAGCAGTGAAATGCGTAGATATGCGGAGGAACACCGATGGCGAAGGCAATCCCCTGGACCTGTACTGACGCTCATGCACGAAAGCGTGGGGAGCAAACAGG,Otu0250,,Otu0250
Otu0252,Potential,Mosquitoes,Infusion,Bacteria,Proteobacteria,Alphaproteobacteria,Caulobacterales,Caulobacteraceae,Brevundimonas,intermedia,TACGAAGGGGGCTAGCGTTGCTCGGAATTACTGGGCGTAAAGGGAGCGTAGGCGGACATTTAAGTCAGGGGTGAAATCCCGGGGCTCAACCTCGGAATTGCCTTTGATACTGGGTGTCTTGAGTATGAGAGAGGTATGTGGAACTCCGAGTGTAGAGGTGAAATTCGTAGATATTCGGAAGAACACCAGTGGCGAAGGCGACATACTGGCTCATTACTGACGCTGAGGCTCGAAAGCGTGGGGAGCAAACAGG,Otu0252,,Otu0252
Otu0253,Missing,Missing,Missing,Bacteria,Proteobacteria,Alphaproteobacteria,Rhodobacterales,Rhodobacteraceae,Rubellimicrobium,Genus_Rubellimicrobium,TACGGAGGGGGTTAGCGTTGTTCGGAATGACTGGGCGTAAAGCGCGCGTAGGCGGATCGCAAAGTCGGGGGTGAAATCCCGGGGCTCAACCCCGGAATGGCCTTCGAGACTCGCGGTCTGGAGTTCGAGAGAGGTGGGTGGAATTCCGAGTGTAGAGGTGAAATTCGTAGATATTCGGAGGAACACCAGTGGCGAAGGCGGCCCACTGGCTCGACACTGACGCTGAGGCGCGAAAGCGCGGGGAGCAAACAGG,Otu0253,,Otu0253
Otu0256,Missing,Missing,Missing,Bacteria,Proteobacteria,Alphaproteobacteria,Sphingomonadales,Sphingomonadaceae,Sphingomonas,Genus_Sphingomonas,TACGGAGGGAGCTAGCGTTATTCGGAATTACTGGGCGTAAAGCGCACGTAGGCGGCTTTGTAAGTTAGAGGTGAAAGCCTGGAGCTCAACTCCAGAATTGCCTTTAAGACTGCATCGCTTGAATCCAAGAGAGGTGAGTGGAATTCCGAGTGTAGAGGTGAAATTCGTAGATATTCGGAAGAACACCAGTGGCGAAGGCGGCTCACTGGCTTGGTATTGACGCTGAGGTGCGAAAGCGTGGGGAGCAAACAGG,Otu0256,,Otu0256
Otu0261,Wolbachia,Wolbachia,Wolbachia,Bacteria,Proteobacteria,Alphaproteobacteria,Rickettsiales,Anaplasmataceae,Wolbachia,Genus_Wolbachia,TACGAAGGGTGCAAGCGTTAATCGGAATTATTGGGCGTAAAGGGCGCGTAGGCTGGTTAATAAGTTAAAAGTGAAATCCCGAGGCTTAACCTTGGAATTGCTTTTAAAACTATTAATCTAGAGATTGAAAGAGGATAGAGGAATTCCTGATGTAGAGGTAAAATTCGTAAATATTAGGAGGAACACCAGTGGCGAAGGCGTCTATCTGGTTCAAATCTGACGCTGAAGCGCGAAGGCGTGGGGAGCAAACAGG,Otu0261,,Otu0261
Otu0265,Missing,Missing,Missing,Bacteria,Proteobacteria,Alphaproteobacteria,Sphingomonadales,Sphingomonadaceae,Sphingomonas,yunnanensis,TACGGAGGGGGCTAGCGTTGTTCGGAATTACTGGGCGTAAAGCGCACGTAGGCGGCTTTGTAAGTCAGGGGTGAAAGCCTGGAGCTCAACTCCAGAACTGCCTTTGAGACTGCATCGCTTGAATCCGGGAGAGGTGAGTGGAATTCCGAGTGTAGAGGTGAAATTCGTAGATATTCGGAAGAACACCAGTGGCGAAGGCGGCTCACTGGACCGGTATTGACGCTGAGGTGCGAAAGCGTGGGGAGCAAACAGG,Otu0265,,Otu0265
Otu0268,Missing,Missing,Missing,Bacteria,Proteobacteria,Gammaproteobacteria,Enterobacterales,Orbaceae,Gilliamella,Genus_Gilliamella,TACGGAGGGTGCGAGCGTTAATCGGAATGACTGGGCGTAAAGGGCATGTAGGCGGATAATTAAGTTAGGTGTGAAAGCCCTGGGCTCAACCTAGGAATTGCACTTAAAACTGGTTAACTAGAGTATTGTAGAGGAAGGTAGAATTCCACGTGTAGCGGTGAAATGCGTAGAGATGTGGAGGAATACCGGTGGCGAAGGCGGCCTTCTGGACAGATACTGACGCTGAGATGCGAAAGCGTGGGGAGCAAACAGG,Otu0268,,Otu0268
Otu0269,Missing,Missing,Missing,Bacteria,Proteobacteria,Alphaproteobacteria,Sphingomonadales,Sphingomonadaceae,Sphingomonas,Genus_Sphingomonas,TACGGAGGGGGCTAGCGTTGTTCGGAATTACTGGGCGTAAAGCGCACGTAGGCGGCTTTGTAAGTTAGAGGTGAAAGCCTGGAGCTCAACTCCAGAACTGCCTTTAAGACTGCATCGCTTGAATCCAGGAGAGGTGAGTGGAATTCCGAGTGTAGAGGTGAAATTCGTAGATATTCGGAAGAACACCAGTGGCGAAGGCGGCTCACTGGACTGGTATTGACGCTGAGGTGCGAAAGCGTGGGGAGCAAACAGG,Otu0269,,Otu0269
Otu0277,Missing,Missing,Missing,Bacteria,Proteobacteria,Alphaproteobacteria,Rhizobiales,Beijerinckiaceae,Psychroglaciecola,Genus_Psychroglaciecola,TACGAAGGGGGCTAGCGTTGCTCGGAATCACTGGGCGTAAAGGGCGCGTAGGCGGCCATTCAAGTCAGAGGTGAAAGCCCAAGGCTCAACCTTGGAATTGCCTTTGATACTGTTTGGCTTGAGACCGGAAGAGGTTAGTGGAACTGCGAGTGTAGAGGTGAAATTCGTAGATATTCGCAAGAACACCAGTGGCGAAGGCGGCTAACTGGTCCGGTTCTGACGCTGAGGCGCGAAAGCGTGGGGAGCAAACAGG,Otu0277,,Otu0277
Otu0284,Missing,Missing,Missing,Bacteria,Proteobacteria,Alphaproteobacteria,Rhizobiales,Beijerinckiaceae,1174-901-12,Genus_1174-901-12,TACGAAGGGGGCTAGCGTTGTTCGGAATCACTGGGCGTAAAGGGTGCGTAGGCGGAGACTTAAGTCAGGGGTGAAATCCCGAGGCTCAACCTCGGAACGGCCTTTGATACTGGGGCTCTTGAGTCCGGAAGAGGTGAGTGGAACTGCGAGTGTAGAGGTGAAATTCGTAGATATTCGCAAGAACACCGGTGGCGAAGGCGGCTCACTGGTCCGGAACTGACGCTGAGGCACGACAGCGTGGGGAGCAAACAGG,Otu0284,,Otu0284
Otu0286,Potential,Both,Infusion,Bacteria,Proteobacteria,Alphaproteobacteria,Sphingomonadales,Sphingomonadaceae,Sphingomonas,melonis,TACGGAGGGAGCTAGCGTTGTTCGGAATTACTGGGCGTAAAGCGCACGTAGGCGGCTTTGTAAGTTAGAGGTGAAAGCCTGGAGCTCAACTCCAGAATTGCCTTTAAGACTGCATCGCTTGAATCCAGGAGAGGTGAGTGGAATTCCGAGTGTAGAGGTGAAATTCGTAGATATTCGGAAGAACACCAGTGGCGAAGGCGGCTCACTGGACTGGTATTGACGCTGAGGTGCGAAAGCGTGGGGAGCAAACAGG,Otu0286,,Otu0286
Otu0287,Potential,Mosquitoes,Infusion,Bacteria,Deinococcota,Deinococci,Deinococcales,Deinococcaceae,Deinococcus,geothermalis,TACGGAGGGTGCAAGCGTTACCCGGAATCACTGGGCGTAAAGGGCGTGTAGGCGGAAGGTTAAGTCCGACTTTAAAGACCGGGGCTCAACCCCGGGCCTGGGTTGGAGACTGGCTTTCTGGACCTCTGGAGAGGCAACTGGAATTCCTGGTGTAGCGGTGGAATGCGTAGATACCAGGAGGAACACCGATGGCGAAGGCAGGTTGCTGGACAGAAGGTGACGCTGAGGCGCGAAAGTGTGGGGAGCGAACCGG,Otu0287,,Otu0287
Otu0289,Missing,Missing,Missing,Bacteria,Proteobacteria,Alphaproteobacteria,Rhizobiales,Beijerinckiaceae,1174-901-12,Genus_1174-901-12,TACGAAGGGGGCTAGCGTTGTTCGGAATCACTGGGCGTAAAGGGTGCGCAGGCGGATCCTTGAGTCAGGGGTGAAAGGCCGGGGCTCAACCTCGGAACGGCCTTTGATACTGGGGATCTTGAGTCCGGAAGAGGTGGGTGGAACTGCGAGTGTAGAGGTGAAATTCGTAGATATTCGCAAGAACACCGGTGGCGAAGGCGGCCCACTGGTCCGGAACTGACGCTCATGCACGACAGCGTGGGGAGCAAACAGG,Otu0289,,Otu0289
Otu0290,Missing,Missing,Missing,Bacteria,Proteobacteria,Alphaproteobacteria,Rhizobiales,Beijerinckiaceae,1174-901-12,Genus_1174-901-12,TACGAAGGGGGCTAGCGTTGTTCGGATTTACTGGGCGTAAAGGGTGCGCAGGCGGGCGTTTAAGTCAGGGGTGAAATGCCGAGGCTCAACCTCGGAACGGCCTTTGATACTGGATGTCTTGAGTCCGGAAGAGGTGAGTGGAACTGCGAGTGTAGAGGTGAAATTCGTAGATATTCGCAAGAACACCGGTGGCGAAGGCGGCTCACTGGTCCGGAACTGACGCTGAGGCACGACAGCGTGGGGAGCAAACAGG,Otu0290,,Otu0290
Otu0292,Potential,Mosquitoes,Mosquitoes,Bacteria,Proteobacteria,Alphaproteobacteria,Rhizobiales,Xanthobacteraceae,Bradyrhizobium,Genus_Bradyrhizobium,TACGAAGGGGGCTAGCGTTGCTCGGAATCACTGGGCGTAAAGGGTGCGTAGGCGGGTCTTTAAGTCAGGGGTGAAATCCTGGAGCTCAACTCCAGAACTGCCTTTGATACTGAGGATCTTGAGTTCGGGAGAGGTGAGTGGAACTGCGAGTGTAGAGGTGAAATTCGTAGATATTCGCAAGAACACCAGTGGCGAAGGCGGCTCACTGGCCCGATACTGACGCTGAGGCACGAAAGCGTGGGGAGCAAACAGG,Otu0292,,Otu0292
Otu0295,Potential,Mosquitoes,Infusion,Bacteria,Proteobacteria,Gammaproteobacteria,Burkholderiales,Oxalobacteraceae,Massilia,putida,TACGTAGGGTGCAAGCGTTAATCGGAATTACTGGGCGTAAAGCGTGCGCAGGCGGTTTTGTAAGTCTGACGTGAAATCCCCGGGCTCAACCTGGGAATTGCGTTGGAGACTGCAAGGCTGGAGTCTGGCAGAGGGGGGTAGAATTCCACGTGTAGCAGTGAAATGCGTAGAGATGTGGAGGAACACCGATGGCGAAGGCAGCCCCCTGGGTCAAGACTGACGCTCATGCACGAAAGCGTGGGGAGCAAACAGG,Otu0295,,Otu0295
Otu0296,Missing,Missing,Missing,Bacteria,Proteobacteria,Alphaproteobacteria,Sphingomonadales,Sphingomonadaceae,Sphingomonas,Genus_Sphingomonas,TACGGAGGGGGCTAGCGTTGTTCGGAATTACTGGGCGTAAAGCGCACGTAGGCGGCTTTGTAAGTTAGGGGTGAAAGCCTGGAGCTCAACTCCAGAATTGCCTTTAAGACTGCATCGCTTGAATCCAGGAGAGGTGAGTGGAATTCCGAGTGTAGAGGTGAAATTCGTAGATATTCGGAAGAACACCAGTGGCGAAGGCGGCTCACTGGACTGGTATTGACGCTGAGGTGCGAAAGCGTGGGGAGCAAACAGG,Otu0296,,Otu0296
Otu0297,Missing,Missing,Missing,Bacteria,Actinobacteriota,Actinobacteria,Propionibacteriales,Nocardioidaceae,Nocardioides,Genus_Nocardioides,TACGTAGGGTGCGAGCGTTGTCCGGAATTATTGGGCGTAAAGGGCTCGTAGGCGGTTTGTCGCGTCGGGAGTGAAATCACTGGGCTTAACCGAGTGCTTGCTTTCGATACGGGCTGACTAGAGGTATGCAGGGGAGAACGGAATTCCTGGTGTAGCGGTGAAATGCGCAGATATCAGGAGGAACACCGGTGGCGAAGGCGGTTCTCTGGGCATGACCTGACGCTGAGGAGCGAAAGTGTGGGGAGCGAACAGG,Otu0297,,Otu0297
Otu0298,Missing,Missing,Missing,Bacteria,Proteobacteria,Alphaproteobacteria,Sphingomonadales,Sphingomonadaceae,Family_Sphingomonadaceae,Family_Sphingomonadaceae,TACGGAGGGAGCTAGCGTTGTTCGGAATTACTGGGCGTAAAGCGCACGTAGGCGGCTTTGTAAGTTAGAGGTGAAAGCCTGGAGCTCAACTCCAGAATTGCCTTTAAGACTGCATCGCTTGAATCCGGGAGAGGTGAGTGGAATTCCGAGTGTAGAGGTGAAATTCGTAGATATTCGGAAGAACACCAGTGGCGAAGGCGGCTCACTGGACCGGTATTGACGCTGAGGTGCGAAAGCGTGGGGAGCAAACAGG,Otu0298,,Otu0298
Otu0300,Potential,Both,Mosq or meso water,Bacteria,Proteobacteria,Gammaproteobacteria,Class_Gammaproteobacteria,Class_Gammaproteobacteria,Class_Gammaproteobacteria,Class_Gammaproteobacteria,TACGAAGGGTGCAAGCGTTACTCGGAATTACTGGGCGTAAAGCGTGCGTAGGTGGTCGTTTAAGTCCGTTGTGAAAGCCCTGGGCTCAACCTGGGAACTGCAGTGGATACTGGGCGACTAGAGTCTTGTAGAGGGGGGTAGAATTCCAGGTGTAGCGGTGAAATGCGTAGAGATCTGGAGGAATACCGGTGGCGAAGGCGGCCCCCTGGACAAAGACTGACGCTCAGGTGCGAAAGCGTGGGGAGCAAACAGG,Otu0300,,Otu0300
Otu0304,Potential,Mosquitoes,Mosquitoes,Bacteria,Actinobacteriota,Actinobacteria,Micrococcales,Brevibacteriaceae,Brevibacterium,mcbrellneri,TACGTAGGGTACTAGCGTTGTCCGGAATTATTGGGCGTAAAGAGCTCGTAGGTGGTTTGTCGCGTCTGCTGTGGAAACGTGCCGCTTAACGGTGCGCGTGCAGTGGGTACGGGCGGACTAGAGTGCAGTAGGGGAGTCTGGAATTCCTGGTGTAGCGGTGAAATGCGCAGATATCAGGAGGAACACCGGTGGCGAAGGCGGGACTCTGGGCTGTTACTGACGCTGAGGAGCGAAAGCATGGGGAGCGAACAGG,Otu0304,,Otu0304
Otu0305,Missing,Missing,Missing,Bacteria,Proteobacteria,Alphaproteobacteria,Rhizobiales,Beijerinckiaceae,1174-901-12,Genus_1174-901-12,TACGAAGGGGGCTAGCGTTGTTCGGAATCACTGGGCGTAAAGGGTGCGCAGGCGGATCATTAAGTCAGGGGTGAAATCCCGAGGCTCAACCTCGGAACGGCCTTTGATACTGGTGATCTTGAGTCCGGAAGAGGTGAGTGGAACTGCGAGTGTAGAGGTGAAATTCGTAGATATTCGCAAGAACACCGGTGGCGAAGGCGGCTCACTGGTCCGGAACTGACGCTGAGGCACGACAGCGTGGGGAGCAAACAGG,Otu0305,,Otu0305
Otu0306,Potential,Mosquitoes,Infusion,Bacteria,Proteobacteria,Gammaproteobacteria,Burkholderiales,Oxalobacteraceae,Massilia,Genus_Massilia,TACGTAGGGTGCAAGCGTTAATCGGAATTACTGGGCGTAAAGCGTGCGCAGGCGGTTTTGTAAGTCTGTCGTGAAAGCCCCGGGCTCAACCTGGGAATTGCGATGGAGACTGCAAGGCTTGAATCTGGCAGAGGGGGGTAGAATTCCACGTGTAGCAGTGAAATGCGTAGAGATGTGGAGGAACACCGATGGCGAAGGCAGCCCCCTGGGTCAAGATTGACGCTCATGCACGAAAGCGTGGGGAGCAAACAGG,Otu0306,,Otu0306
Otu0307,Potential,Mosquitoes,Mosquitoes,Bacteria,Proteobacteria,Alphaproteobacteria,Sphingomonadales,Sphingomonadaceae,Sphingomonas,Genus_Sphingomonas,TACGGAGGGAGCTAGCGTTGTTCGGAATTACTGGGCGTAAAGCGCACGTAGGCGGCTTTGTAAGTTAGAGGTGAAAGCCTGGAGCTCAACTCCAGAATTGCCTTTAAGACTGCATCGCTCGAATCCAGGAGAGGTGAGTGGAATTCCGAGTGTAGAGGTGAAATTCGTAGATATTCGGAAGAACACCAGTGGCGAAGGCGGCTCACTGGACTGGTATTGACGCTGAGGTGCGAAAGCGTGGGGAGCAAACAGG,Otu0307,,Otu0307
Otu0312,Missing,Missing,Missing,Bacteria,Proteobacteria,Alphaproteobacteria,Sphingomonadales,Sphingomonadaceae,Sphingomonas,Genus_Sphingomonas,TACGGAGGGGGCTAGCGTTGTTCGGAATTACTGGGCGTAAAGCGCGCGTAGGCGGCTTTGTAAGTCAGGGGTGAAAGCCTGGTGCTCAACACCAGAACTGCCTTTGAGACTGCATCGCTTGAATCCGGGAGAGGTGAGTGGAATTCCGAGTGTAGAGGTGAAATTCGTAGATATTCGGAAGAACACCAGTGGCGAAGGCGGCTCACTGGACCGGTATTGACGCTGAGGTGCGAAAGCGTGGGGAGCAAACAGG,Otu0312,,Otu0312
Otu0313,Potential,Mosquitoes,Infusion,Bacteria,Proteobacteria,Alphaproteobacteria,Sphingomonadales,Sphingomonadaceae,Sphingomonas,Genus_Sphingomonas,TACGGAGGGGGCTAGCGTTGTTCGGAATTACTGGGCGTAAAGCGCACGTAGGCGGCTTTGTAAGTTAGAGGTGAAAGCCTGGGGCTCAACTCCAGAATTGCCTTTAAGACTGCATCGCTTGAACGTCGGAGAGGTGAGTGGAATTCCGAGTGTAGAGGTGAAATTCGTAGATATTCGGAAGAACACCAGTGGCGAAGGCGGCTCACTGGACGACTGTTGACGCTGAGGTGCGAAAGCGTGGGGAGCAAACAGG,Otu0313,,Otu0313
Otu0314,Missing,Missing,Missing,Bacteria,Proteobacteria,Alphaproteobacteria,Acetobacterales,Acetobacteraceae,Endobacter,Genus_Endobacter,TACGAAGGGGGCTAGCGTTGCTCGGAATGACTGGGCGTAAAGGGCGCGTAGGCGGATGGCGCAGTCAGATGTGAAATTCCCGGGCTTAACCTGGGGGCTGCATTTGAGACGCGTGATCTTGAGTATGAAAGAGGGTCGTGGAATTCCCAGTGTAGAGGTGAAATTCGTAGATATTGGGAAGAACACCGGTGGCGAAGGCGGCGACCTGGTTCATAACTGACGCTGAGGCGCGAAAGCGTGGGGAGCAAACAGG,Otu0314,,Otu0314
Otu0319,Missing,Missing,Missing,Bacteria,Proteobacteria,Alphaproteobacteria,Rhizobiales,Beijerinckiaceae,Methylobacterium-Methylorubrum,Genus_Methylobacterium-Methylorubrum,TACGAAGGGGGCTAGCGTTGCTCGGAATCACTGGGCGTAAAGGGCGCGTAGGCGGCCGATCAAGTCGAGGGTGAAAGCCCGTGGCTCAACCACGGAATGGCCTTCGATACTGTTTGGCTTGAGTATGGTAGAGGTTGGTGGAACTGCGAGTGTAGAGGTGAAATTCGTAGATATTCGCAAGAACACCGGTGGCGAAGGCGGCCAACTGGACCATCACTGACGCTGAGGCGCGAAAGCGTGGGGAGCAAACAGG,Otu0319,,Otu0319
Otu0322,Intentional,Intentional,Intentional,Bacteria,Proteobacteria,Gammaproteobacteria,Xanthomonadales,Xanthomonadaceae,Thermomonas,Genus_Thermomonas,TACGAAGGGTGCAAGCGTTACTCGGAATTACTGGGCGTAAAGCGTGCGTAGGTGGTTTGTTAAGTCTGATGTGAAAGCCCTGGGCTCAACCTGGGAATTGCATTGGATACTGGCAGGCTAGAGTGCGGTAGAGGGTAGTGGAATTCCCGGTGTAGCAGTGAAATGCGTAGAGATCGGGAGGAACATCCGTGGCGAAGGCGACTACCTGGACCAGCACTGACACTGAGGCACGAAAGCGTGGGGAGCAAACAGG,Otu0322,THER1,Otu0322_THER1
Otu0326,Missing,Missing,Missing,Bacteria,Proteobacteria,Gammaproteobacteria,Xanthomonadales,Xanthomonadaceae,Family_Xanthomonadaceae,Family_Xanthomonadaceae,TACGAAGGGTGCAAGCGTTACTCGGAATTACTGGGCGTAAAGCGTGCGTAGGTGGTTGTTTAAGTCTGTTGTGAAAGCCCTGGGCTCAACCTGGGAATTGCAGTGGATACTGGGCAACTAGAGTGTGGTAGAGGGTAGCGGAATTCCTGGTGTAGCAGTGAAATGCGTAGAGATCAGGAGGAACATCCGTGGCGAAGGCGGCTACCTGGACCAACACTGACACTGAGGCACGAAAGCGTGGGGAGCAAACAGG,Otu0326,,Otu0326
Otu0327,Missing,Missing,Missing,Bacteria,Bacteroidota,Bacteroidia,Cytophagales,Spirosomaceae,Spirosoma,Genus_Spirosoma,TACGGAGGGTGCAAGCGTTGTCCGGATTTATTGGGTTTAAAGGGTGCGTAGGTGGTTTGCCAAGTCTGGTTTGAAAGCTGGTCGCTCAACGATCAGATGTGGCTGGAAACTGGCGAACTTGAATGGCGTAGCGGTAGCCGGAATGGGTCATGTAGCGGTGAAATGCATAGATATGACCCGGAACACCGATTGCGAAGGCAGGCTACTGGGCGTTGATTGACACTGAGGCACGAGAGCATGGGTAGCAAACAGG,Otu0327,,Otu0327
Otu0332,Missing,Missing,Missing,Bacteria,Actinobacteriota,Actinobacteria,Propionibacteriales,Nocardioidaceae,Nocardioides,Genus_Nocardioides,TACGTAGGGTGCGAGCGTTGTCCGGAATTATTGGGCGTAAAGGGCTCGTAGGCGGTTTGTCGCGTCGGGAGTGAAATCACTGGGCTTAACCGAGTGCTTGCTTTCGATACGGGCAGACTAGAGGTATGCAGGGGAGAACGGAATTCCTGGTGTAGCGGTGAAATGCGCAGATATCAGGGGGAACACCGGTGGCGAAGGCGGTTCTCTGGGCATGACCTGACGCTGAGGAGCGAAAGTGTGGGGAGCGAACAGG,Otu0332,,Otu0332
Otu0342,Potential,Both,Mosq or meso water,Bacteria,Proteobacteria,Alphaproteobacteria,Acetobacterales,Acetobacteraceae,Asaia,Genus_Asaia,TACGAAGGGGGCTAGCGTTGCTCGGAATGACTGGGCGTAAAGGGCGCGTAGGCGGTTTACACAGTCAGATGTGAAATTCCAGGGCTTAACCTTGGGGCTGCATTTGATACGTGTAGACTAGAGTGTGAGAGAGGGTTGTGGAATTCCCAGTGTAGAGGTGAAATTCGTAGAGATCTGGAGGAATACCGGTGGCGAAGGCGGCCTCCTGGACGAAGACTGACGCTCAGGTGCGAAAGCGTGGGGAGCAAACAGG,Otu0342,,Otu0342
Otu0343,Missing,Missing,Missing,Bacteria,Proteobacteria,Alphaproteobacteria,Rhizobiales,Beijerinckiaceae,1174-901-12,Genus_1174-901-12,TACGAAGGGGGCTAGCGTTGTTCGGAATCACTGGGCGTAAAGGGTGCGTAGGCGGATCGCTCAGTCAGGGGTGAAATCCCGAGGCTCAACCTCGGAACTGCCTTTGATACTGGCGATCTTGAGTCCGGAAGAGGTGAGTGGAACTGCGAGTGTAGAGGTGAAATTCGTAGATATTCGCAAGAACACCGGTGGCGAAGGCGGCTCACTGGTCCGGAACTGACGCTGAGGCACGACAGCGTGGGGAGCAAACAGG,Otu0343,,Otu0343
Otu0345,Missing,Missing,Missing,Bacteria,Bacteroidota,Bacteroidia,Cytophagales,Spirosomaceae,Spirosoma,Genus_Spirosoma,TACGGAGGGTGCAAGCGTTGTCCGGATTTATTGGGTTTAAAGGGTGCGTAGGTGGCGTCTTAAGTCTGGTTTGAAAGCGGGTGGCTCAACCATTCGATGTGGCTGGAAACTGGGGTGCTTGAATGCGGGAGCGGTAGCTGGAACGGGTCATGTAGCGGTGAAATGCATAGAGATGACCCAGAACCCCGATTGCGAAGGCAGGCTACTGGTCCGTGATTGACACTGAGGCACGAGAGCATGGGTAGCCAACAGG,Otu0345,,Otu0345
Otu0346,Potential,Mosquitoes,Mosquitoes,Bacteria,Actinobacteriota,Actinobacteria,Micrococcales,Micrococcaceae,Pseudoglutamicibacter,cumminsii,TACGTAGGGCGCGAGCGTTATCCGGAATTATTGGGCGTAAAGAGCTCGTAGGCGGTTTGTCGCGTCTGCTGTGAAAGCCCGGGGCTTAACTCCGGGTGTGCAGTGGGTACGGGCAGGCTAGAGTGCAGTAGGGGAGACTGGAATTCCTGGTGTAGCGGTGGAATGCGCAGATATCAGGAGGAACACCGATGGCGAAGGCAGGTCTCTGGGCTGTTACTGACGCTGAGGAGCGAAAGCATGGGGAGCAAACAGG,Otu0346,,Otu0346
Otu0352,Missing,Missing,Missing,Bacteria,Actinobacteriota,Actinobacteria,Corynebacteriales,Corynebacteriaceae,Corynebacterium,Genus_Corynebacterium,TACGTAGGGTGCGAGCGTTGTCCGGAATTACTGGGCGTAAAGAGCTCGTAGGTGGTTTGTCGCGTCGTCTGTGAAATACCGGGGCTTAACTTCGGAGCTGCAGGCGATACGGGCATAACTTGAGTGCTGTAGGGGAGACTGGAATTCCTGGTGTAGCGGTGAAATGCGCAGATATCAGGAGGAACACCAATGGCGAAGGCAGGTCTCTGGGCAGTAACTGACGCTGAGGAGCGAAAGCATGGGTAGCGAACAGG,Otu0352,,Otu0352
Otu0365,Potential,Mosquitoes,Infusion,Bacteria,Proteobacteria,Gammaproteobacteria,Pseudomonadales,Pseudomonadaceae,Pseudomonas,Genus_Pseudomonas,TACAGAGGGTGCAAGCGTTAATCGGAATTACTGGGCGTAAAGCGCGCGTAGGTGGTTTGTTAAGTCGGATGTGAAATCCCCGGGCTCAACCTGGGAACTGCATCCGAAACTGGCAAGCTAGAGTATGGTAGAGGGTAGTGGAATTTCCTGTGTAGCGGTGAAATGCGTAGATATAGGAAGGAACACCAGTGGCGAAGGCGACTACCTGGACTGATACTGACACTGAGGTGCGAAAGCGTGGGGAGCAAACAGG,Otu0365,,Otu0365
Otu0371,Missing,Missing,Missing,Bacteria,Proteobacteria,Alphaproteobacteria,Sphingomonadales,Sphingomonadaceae,Family_Sphingomonadaceae,Family_Sphingomonadaceae,TACGGAGGGGGCTAGCGTTGTTCGGAATTACTGGGCGTAAAGCGCGCGTAGGCGGCCGTTTAAGTTAGAGGTGAAAGCCCGGGGCTCAACCCCGGAATTGCCTTTGATACTGGATGGCTTGAATCCGGGAGAGGTGAGTGGAATTCCGAGTGTAGAGGTGAAATTCGTAGATATTCGGAAGAACACCAGTGGCGAAGGCGGCTCACTGGACCGGCATTGACGCTGAGGTGCGAAAGCGTGGGGAGCAAACAGG,Otu0371,,Otu0371
Otu0372,Missing,Missing,Missing,Bacteria,Proteobacteria,Alphaproteobacteria,Sphingomonadales,Sphingomonadaceae,Family_Sphingomonadaceae,Family_Sphingomonadaceae,TACGGAGGGAGCTAGCGTTGTTCGGAATTACTGGGCGTAAAGCGCGCGTAGGCGGCTTTCTAAGTCAGAGGTGAAAGCCCGGGGCTCAACCCCGGAATTGCCTTTGAGACTGGATCGCTTGAATCCGGGAGAGGTGAGTGGAATTCCGAGTGTAGAGGTGAAATTCGTAGATATTCGGAAGAACACCAGTGGCGAAGGCGGCTCACTGGACCGGTATTGACGCTGAGGCGCGAAAGCGTGGGGAGCAAACAGG,Otu0372,,Otu0372
Otu0374,Missing,Missing,Missing,Bacteria,Proteobacteria,Alphaproteobacteria,Sphingomonadales,Sphingomonadaceae,Sphingomonas,Genus_Sphingomonas,TACGGAGGGGGCTAGCGTTGTTCGGAATTACTGGGCGTAAAGCGCACGTAGGCGGCTTTGTAAGTTAGAGGTGAAAGCCCGGGGCTCAACCCCGGAATTGCCTTTGATACTGCATGGCTTGAATCCAGGAGAGGTGAGTGGAATTCCGAGTGTAGAGGTGAAATTCGTAGATATTCGGAAGAACACCAGTGGCGAAGGCGGCTCACTGGACTGGTATTGACGCTGAGGTGCGAAAGCGTGGGGAGCAAACAGG,Otu0374,,Otu0374
Otu0376,Potential,Mosquitoes,Infusion,Bacteria,Deinococcota,Deinococci,Deinococcales,Trueperaceae,Truepera,Genus_Truepera,TACGGAGGGTGCAAGCGTTATCCGGAATCACTGGGCGTAAAGGGCGCGTAGGCGGTTTGTTAAGTCCGATGTTAAAGACCGAGGCTCAACCTCGACACGGCGTTGGATACTGGCAAGCTGGACGGTTGGAGAGGAAGGTAGAATTACCAGTGTAGCGGTGGAATGCGTAGATACTGGTAGGAATACCCATTGCGAAGGCAGCCTTCTGGACAACACGTGACGCTGAGGCGCGAAAGTGTGGGGAGCAAACCGG,Otu0376,,Otu0376
Otu0377,Potential,Meso water,Meso water,Bacteria,Proteobacteria,Gammaproteobacteria,Enterobacterales,Erwiniaceae,Family_Erwiniaceae,Family_Erwiniaceae,TACGGAGGGTGCAAGCGTTAATCGGAATTACTGGGCGTAAAGCGCACGCAGGCGGTCTGTCAAGTCGGATGTGAAATCCCCGGGCTTAACCTGGGAACTGCATTTGAAACTGGCAGGCTTGAGTCTCGTAGAGGGGGGTAGAATTCCAGGTGTAGCGGTGAAATGCGTAGAGATCTGGAGGAATACCGGTGGCGAAGGCGGCCTCCTGGACGAAGACTGACGCTCAGGTGCGAAAGCGTGGGGAGCAAACAGG,Otu0377,,Otu0377
Otu0385,Potential,Mosquitoes,Infusion or hatch,Bacteria,Proteobacteria,Alphaproteobacteria,Rhizobiales,Rhizobiaceae,Family_Rhizobiaceae,Family_Rhizobiaceae,TACGAAGGGGGCTAGCGTTGTTCGGAATTACTGGGCGTAAAGCGCACGTAGGCGGATATTTAAGTCAGGGGTGAAATCCCAGAGCTCAACTCTGGAACTGCCTTTGATACTGGGTATCTTGAGTATGGAAGAGGTAAGTGGAATTGCGAGTGTAGAGGTGAAATTCGTAGATATTCGCAGGAACACCAGTGGCGAAGGCGGCTTACTGGTCCATAACTGACGCTGAGGTGCGAAAGCGTGGGGAGCAAACAGG,Otu0385,,Otu0385
Otu0387,Potential,Mosquitoes,Infusion,Bacteria,Firmicutes,Bacilli,Lactobacillales,Lactobacillaceae,Lactobacillus,Genus_Lactobacillus,TACGTAGGTGGCAAGCGTTGTCCGGATTTATTGGGCGTAAAGCGAGCGCAGGCGGAAGAATAAGTCTGATGTGAAAGCCCTCGGCTTAACCGAGGAACTGCATCGGAAACTGTTTTTCTTGAGTGCAGAAGAGGAGAGTGGAACTCCATGTGTAGCGGTGGAATGCGTAGATATATGGAAGAACACCAGTGGCGAAGGCGGCTCTCTGGTCTGCAACTGACGCTGAGGCTCGAAAGCATGGGTAGCGAACAGG,Otu0387,,Otu0387
Otu0393,Potential,Mosquitoes,Hatch,Bacteria,Actinobacteriota,Actinobacteria,Corynebacteriales,Corynebacteriaceae,Corynebacterium,ureicelerivorans,TACGTAGGGTGCGAGCGTTGTCCGGAATTACTGGGCGTAAAGAGCTCGTAGGTGGTTTGTCGCGTCGTTTGTGTAAGCCCGCAGCTTAACTGCGGGACTGCAGGCGATACGGGCATAACTTGAGTGCTGTAGGGGAGACTGGAATTCCTGGTGTAGCGGTGGAATGCGCAGATATCAGGAGGAACACCGATGGCGAAGGCAGGTCTCTGGGCAGTAACTGACGCTGAGGAGCGAAAGCATGGGTAGCGAACAGG,Otu0393,,Otu0393
Otu0394,Missing,Missing,Missing,Bacteria,Proteobacteria,Alphaproteobacteria,Rhizobiales,Beijerinckiaceae,Methylobacterium-Methylorubrum,komagatae,TACGAAGGGGGCTAGCGTTGCTCGGAATCACTGGGCGTAAAGGGCGCGTAGGCGGTCTTTTAAGTCGGGGGTGAAAGCCTGTGGCTCAACCACAGAATTGCCTTCGATACTGGGAGACTTGAGTTCGGAAGAGGTTGGTGGAACTGCGAGTGTAGAGGTGAAATTCGTAGATATTCGCAAGAACACCGGTGGCGAAGGCGGCCAACTGGTCCGACACTGACGCTGAGGCGCGAAAGCGTGGGGAGCAAACAGG,Otu0394,,Otu0394
Otu0396,Potential,Mosquitoes,Infusion,Bacteria,Firmicutes,Bacilli,Lactobacillales,Enterococcaceae,Tetragenococcus,Genus_Tetragenococcus,TACGTAGGTGGCAAGCGTTGTCCGGATTTATTGGGCGTAAAGGGAGCGCAGGCGGTTCGTTAAGTCTGATGTGAAAGCCCTCGGCTCAACCGAGGAGGGTCATTGGAAACTGGCGAACTTGAGTGCAGAAGAGGAGAGTGGAATTCCATGTGTAGCGGTGAAATGCGTAGATATATGGAGGAACACCGGTGGCGAAGGCGACTCTCTGGTCTGTAACTGACGCTGAGGCTCGAAAGCGTGGGTAGCAAACAGG,Otu0396,,Otu0396
Otu0398,Missing,Missing,Missing,Bacteria,Bacteroidota,Bacteroidia,Cytophagales,Spirosomaceae,Spirosoma,Genus_Spirosoma,TACGGAGGGTGCAAGCGTTGTCCGGATTTATTGGGTTTAAAGGGTGCGTAGGTGGGTTTGCAAGTCTGGTTTGAAAGCTGGTCGCTCAACGATCAGATGTGGCTGGAAACTGTGGATCTTGAATGGCGTAGCGGTAGCCGGAATGGGTCATGTAGCGGTGAAATGCATAGATATGACCCGGAACACCGATTGCGAAGGCAGGCTACTGGGCGTCGATTGACACTGAGGCACGAGAGCATGGGTAGCAAACAGG,Otu0398,,Otu0398
Otu0403,Potential,Mosquitoes,Mosquitoes,Bacteria,Firmicutes,Negativicutes,Veillonellales-Selenomonadales,Veillonellaceae,Veillonella,dispar,TACGTAGGTGGCAAGCGTTGTCCGGAATTATTGGGCGTAAAGCGCGCGCAGGCGGATTGGTCAGTCTGTCTTAAAAGTTCGGGGCTTAACCCCGTGATGGGATGGAAACTGCCAATCTAGAGTATCGGAGAGGAAAGTGGAATTCCTAGTGTAGCGGTGAAATGCGTAGATATTAGGAAGAACACCAGTGGCGAAGGCGACTTTCTGGACGAAAACTGACGCTGAGGCGCGAAAGCCAGGGGAGCGAACGGG,Otu0403,,Otu0403
Otu0404,Missing,Missing,Missing,Bacteria,Proteobacteria,Gammaproteobacteria,Burkholderiales,Burkholderiaceae,Robbsia,Genus_Robbsia,TACGTAGGGTGCAAGCGTTAATCGGAATTACTGGGCGTAAAGCGTGCGCAGGCGGTTTGTTAAGACAGATGTGAAATCCCCGGGCTCAACCTGGGAACTGCATTTGTGACTGGCAAGCTAGAGTCTGGCAGAGGGGGGTGGAATTCCGCGTGTAGCAGTGAAATGCGTAGATATGCGGAGGAACACCGATGGCGAAGGCAGCCCCCTGGGCCAACACTGACGCTCATGCACGAAAGCGTGGGGAGCAAACAGG,Otu0404,,Otu0404
Otu0406,Wolbachia,Wolbachia,Wolbachia,Bacteria,Proteobacteria,Alphaproteobacteria,Rickettsiales,Anaplasmataceae,Wolbachia,Genus_Wolbachia,TCCTGCTCGTTCTCTCTTTCTTCTTCCTTCTTTTTCTTCCCTGTCTCGTCTTCTTTTTAATAAGTTAAAAGTGAAATCCCGAGGCTTAACCTTGGAATTGCTTTTAAAACTATTAATCTAGAGATTGAAAGAGGATAGAGGAATTCCTGATGTAGAGGTAAAATTCGTAAATATTAGGAGGAACACCAGTGGCGAAGGCGTCTATCTGGTTCAAATCTGACGCTGAAGCGCGAAGGCGTGGGGAGCAAACAGG,Otu0406,,Otu0406
Otu0410,Potential,Mosquitoes,Infusion,Bacteria,Firmicutes,Clostridia,Lachnospirales,Lachnospiraceae,Dorea,Genus_Dorea,TACGTAGGGGGCAAGCGTTATCCGGATTTACTGGGTGTAAAGGGAGCGTAGACGGCACGGCAAGCCAGATGTGAAAGCCCGGGGCTCAACCCCGGGACTGCATTTGGAACTGCTGAGCTAGAGTGTCGGAGAGGCAAGTGGAATTCCTAGTGTAGCGGTGAAATGCGTAGATATTAGGAGGAACACCAGTGGCGAAGGCGGCTTGCTGGACGATGACTGACGTTGAGGCTCGAAAGCGTGGGGAGCAAACAGG,Otu0410,,Otu0410
Otu0413,Missing,Missing,Missing,Bacteria,Proteobacteria,Alphaproteobacteria,Sphingomonadales,Sphingomonadaceae,Sphingomonas,Genus_Sphingomonas,TACGGAGGGAGCTAGCGTTGTTCGGAATTACTGGGCGTAAAGCGCACGTAGGCGGCTTTGTAAGTTAGGGGTGAAAGCCTGGAGCTCAACTCCAGAATTGCCTTTAAGACTGCATCGCTTGAATCCAGGAGAGGTGAGTGGAATTCCGAGTGTAGAGGTGAAATTCGTAGATATTCGGAAGAACACCAGTGGCGAAGGCGGCTCACTGGACTGGTATTGACGCTGAGGTGCGAAAGCGTGGGGAGCAAACAGG,Otu0413,,Otu0413
Otu0414,Potential,Mosquitoes,Hatch,Bacteria,Bacteroidota,Bacteroidia,Bacteroidales,Dysgonomonadaceae,Dysgonomonas,mossii,TACGGAGGATGCGAGCGTTATCCGGATTTATTGGGTTTAAAGGGTGCGCAGGCGGGATTTTAAGTCAGCGGTGAAATTTTCAGGCTCAACCTGAACACTGCCGTTGAAACTGGGATTCTTGAGTATGGATGAAGTAGGCGGAATTCGTTGTGTAGCGGTGACATGCTTAGATATAACGAGGAACTCCGATTGCGTAGGCAGCTTACTAAGCCATAACTGACGCTCAAGCACGAAAGCGTGGGGATCAAACAGG,Otu0414,,Otu0414
Otu0415,Potential,Meso water,Meso water,Bacteria,Proteobacteria,Gammaproteobacteria,Xanthomonadales,Xanthomonadaceae,Stenotrophomonas,pavanii,TACGAAGGGTGCAAGCGTTACTCGGAATTACTGGGCGTAAAGCGTGCGTAGGTGGTCGTTTAAGTCCGTTGTGAAAGCCCTGGGCTCAACCTGGGAACTGCATTCGAAACTGGCAGGCTGGAGTCTCGTAGAGGGAGGTAGAATTCCAGGTGTAGCGGTGAAATGCGTAGAGATCAGGAGGAACATCCATGGCGAAGGCAGCTACCTGGACCAACACTGACACTGAGGCACGAAAGCGTGGGGAGCAAACAGG,Otu0415,,Otu0415
Otu0420,Missing,Missing,Missing,Bacteria,Proteobacteria,Alphaproteobacteria,Sphingomonadales,Sphingomonadaceae,MN 122.2a,Genus_MN 122.2a,TACGGAGGGGGCTAGCGTTGTTCGGAATTACTGGGCGTAAAGCGCACGTAGGCGGCTTCCTAAGTCAGAGGTGAAAGCCTGGGGCTCAACCCCAGAACTGCCTTTGAGACTGGGTCGCTTGAATCCGGGAGAGGTGAGTGGAATTCCGAGTGTAGAGGTGAAATTCGTAGATATTCGGAAGAACACCAGTGGCGAAGGCGGCTCACTGGACCGGTATTGACGCTGAGGTGCGAAAGCGTGGGGAGCAAACAGG,Otu0420,,Otu0420
Otu0421,Missing,Missing,Missing,Bacteria,Proteobacteria,Alphaproteobacteria,Rhodobacterales,Rhodobacteraceae,Rubellimicrobium,Genus_Rubellimicrobium,TACGGAGGGGGCTAGCGTTGTTCGGAATGACTGGGCGTAAAGCGCGCGTAGGCGGATCATCAAGTCGGGGGTGAAATCCCGGGGCTCAACCCCGGAATGGCCTTCGAGACTGGTGGTCTTGAGTTCGAGAGAGGTGGGTGGAATTCCGAGTGTAGAGGTGAAATTCGTAGATATTCGGAGGAACACCAGTGGCGAAGGCGGCCCACTGGCTCGACACTGACGCTGAGGCGCGAAAGCGCGGGGAGCAAACAGG,Otu0421,,Otu0421
Otu0423,Potential,Mosquitoes,Mosquitoes,Bacteria,Proteobacteria,Gammaproteobacteria,Pseudomonadales,Moraxellaceae,Psychrobacter,Genus_Psychrobacter,TACAGAGGGTGCAAGCGTTAATCGGAATTACTGGGCGTAAAGCGAGCGTAGGTGGCTTGATAAGTCAGATGTGAAATCCCCGGGCTTAACCTGGGAACTGCATCTGATACTGTTGGGCTAGAGTAGGTGAGAGGGAGGTAGAATTTCAGGTGTAGCGGTGAAATGCGTAGAGATCTGAAGGAATACCGATGGCGAAGGCAGCCTCCTGGCATCATACTGACACTGAGGTTCGAAAGCGTGGGTAGCAAACAGG,Otu0423,,Otu0423
Otu0425,Potential,Mosquitoes,Infusion or hatch,Bacteria,Actinobacteriota,Actinobacteria,Micrococcales,Microbacteriaceae,Amnibacterium,Genus_Amnibacterium,TACGTAGGGTGCAAGCGTTGTCCGGAATTATTGGGCGTAAAGAGCTCGTAGGCGGTTTGTCGCGTCTGCTGTGAAAACGCGAGGCTCAACCTCGCGCCTGCAGTGGGTACGGGCAGACTAGAGTGTGGTAGGGGAGATTGGAATTCCTGGTGTAGCGGTGGAATGCGCAGATATCAGGAGGAACACCGATGGCGAAGGCAGATCTCTGGGCCATTACTGACGCTGAGGAGCGAAAGCGTGGGGAGCGAACAGG,Otu0425,,Otu0425
Otu0441,Missing,Missing,Missing,Bacteria,Proteobacteria,Alphaproteobacteria,Rhizobiales,Xanthobacteraceae,Xanthobacter,Genus_Xanthobacter,TACGAAGGGGGCTAGCGTTGCTCGGAATCACTGGGCGTAAAGCGCACGTAGGCGGATCGTTAAGTCAGGGGTGAAATCCTGGAGCTCAACTCCAGAACTGCCCTTGATACTGGCGATCTCGAGTTCGAGAGAGGTTGGTGGAACTCCGAGTGTAGAGGTGAAATTCGTAGATATTCGGAAGAACACCAGTGGCGAAGGCGGCCAACTGGCTCGATACTGACGCTGAGGTGCGAAAGCGTGGGGAGCAAACAGG,Otu0441,,Otu0441
Otu0442,Potential,Mosquitoes,Food,Bacteria,Actinobacteriota,Actinobacteria,Corynebacteriales,Corynebacteriaceae,Corynebacterium,tuberculostearicum,TACGTAGGGTGCGAGCGTTGTCCGGAATTACTGGGCGTAAAGGGCTCGTAGGTGGTTTGTCGCGTCGTCTGTGAAATTCCGGGGCTTAACTCCGGGCGTGCAGGCGATACGGGCATAACTTGAGTACTGTAGGGGTAACTGGAATTCCTGGTGTAGCGGTGAAATGCGCAGATATCAGGAGGAACACCGATGGCGAAGGCAGGTTACTGGGCAGTTACTGACGCTGAGGAGCGAAAGCATGGGTAGCGAACAGG,Otu0442,,Otu0442
Otu0443,Potential,Mosquitoes,Infusion or hatch,Bacteria,Proteobacteria,Gammaproteobacteria,Burkholderiales,Comamonadaceae,Acidovorax,Genus_Acidovorax,TACGTAGGGTGCAAGCGTTAATCGGAATTACTGGGCGTAAAGCGTGCGCAGGCGGTTATATAAGACAGATGTGAAATCCCCGGGCTCAACCTGGGAACTGCATTTGTGACTGTATAGCTAGAGTACGGTAGAGGGGGATGGAATTCCGCGTGTAGCAGTGAAATGCGTAGATATGCGGAGGAACACCGATGGCGAAGGCAATCCCCTGGACCTGTACTGACGCTCATGCACGAAAGCGTGGGGAGCAAACAGG,Otu0443,,Otu0443
Otu0445,Potential,Mosquitoes,Mosquitoes,Bacteria,Actinobacteriota,Actinobacteria,Corynebacteriales,Corynebacteriaceae,Corynebacterium,xerosis,TACGTAGGGTGCGAGCGTTGTCCGGAATTACTGGGCGTAAAGAGCTCGTAGGTGGTTTGTCGCGTCGTCTGTGAAATTCCGGGGCTTAACTCCGGGCGTGCAGGCGATACGGGCATAACTTGAGTACTGTAGGGGAGACTGGAATTCCTGGTGTAGCGGTGAAATGCGCAGATATCAGGAGGAACACCGGTGGCGAAGGCGGGTCTCTGGGCAGTAACTGACGCTGAGGAGCGAAAGCATGGGTAGCGAACAGG,Otu0445,,Otu0445
Otu0446,Missing,Missing,Missing,Bacteria,Firmicutes,Bacilli,Lactobacillales,Lactobacillaceae,Lactobacillus,melliventris,TACGTAGGTGGCAAGCGTTGTCCGGATTTATTGGGCGTAAAGCGAACGCAGGCGGGAAGATAAGTCAGCTGTGAAAGCCCCCAGCTTAACTGGGGAACTGCAGCTGAAACTATGTTTCTTGAGTGCAGAAGAGGAGAGTGGAACTCCATGTGTAGCGGTGGAATGCGTAGATATATGGAAGAACACCAGTGGCGAAGGCGGCTCTCTGGTCTGTAACTGACGCTGAGGTTCGAAAGCATGGGTAGCGAACAGG,Otu0446,,Otu0446
Otu0449,Potential,Mosquitoes,Mosquitoes,Bacteria,Proteobacteria,Alphaproteobacteria,Azospirillales,Azospirillaceae,Azospirillum,Genus_Azospirillum,TACGAAGGGGGCTAGCGTTGTTCGGAATTACTGGGCGTAAAGGGCGCGTAGGCGGCCTGTTTAGTCAGAAGTGAAAGCCCCGGGCTCAACCTGGGAATAGCTTTTGATACTGGCAGGCTTGAGTTCCGGAGAGGATGGTGGAATTCCCAGTGTAGAGGTGAAATTCGTAGATATTGGGAAGAACACCGGTGGCGAAGGCGGCCATCTGGACGGACACTGACGCTGAGGCGCGAAAGCGTGGGGAGCAAACAGG,Otu0449,,Otu0449
Otu0452,Wolbachia,Wolbachia,Wolbachia,Bacteria,Proteobacteria,Alphaproteobacteria,Rickettsiales,Anaplasmataceae,Wolbachia,Genus_Wolbachia,TACGGAGGGTGCAAGCGTTAATCGGAATTATTGGGCGTAAAGGGCGCGTAGGCTGGTTAATAAGTTAAAAGTGAAATCCCGAGGCTTAACCTTGGAATTGCTTTTAAAACTATTAATCTAGAGATTGAAAGAGGATAGAGGAATTCCTGATGTAGAGGTAAAATTCGTAAATATTAGGAGGAACACCAGTGGCGAAGGCGTCTATCTGGTTCAAATCTGACGCTGAAGCGCGAAGGCGTGGGGAGCAAACAGG,Otu0452,,Otu0452
Otu0455,Missing,Missing,Missing,Bacteria,Actinobacteriota,Actinobacteria,Micrococcales,Microbacteriaceae,Curtobacterium,Genus_Curtobacterium,TACGTAGGGTGCAAGCGTTGTCCGGAATTATTGGGCGTAAAGAGCTCGTAGGCGGTTTGTCGCGTCTGCTGTGAAATCCCGAGGCTCAACCTCGGGCTTGCAGTGGGTACGGGCAGACTAGAGTGCGGTAGGGGAGATTGGAATTCCTGGTGTAGCGGTGGAATGCGCAGATATCAGGAGGAACACCGATGGCGAAGGCAGATCTCTGGGCCGTAACTGACGCTGAGGAGCGAAAGCATGGGGAGCGAACAGG,Otu0455,,Otu0455
Otu0460,Potential,Mosquitoes,Infusion or food,Bacteria,Proteobacteria,Alphaproteobacteria,Sphingomonadales,Sphingomonadaceae,Sphingomonas,leidyi,TACGGAGGGAGCTAGCGTTGTTCGGAATTACTGGGCGTAAAGCGCACGTAGGCGGCTTTGTAAGTCAGAGGTGAAAGCCTGGAGCTCAACTCCAGAACTGCCTTTGAGACTGCATCGCTTGAATCCAGGAGAGGTGAGTGGAATTCCGAGTGTAGAGGTGAAATTCGTAGATATTCGGAAGAACACCAGTGGCGAAGGCGGCTCACTGGACTGGTATTGACGCTGAGGTGCGAAAGCGTGGGGAGCAAACAGG,Otu0460,,Otu0460
Otu0463,Missing,Missing,Missing,Bacteria,Proteobacteria,Gammaproteobacteria,Pseudomonadales,Pseudomonadaceae,Pseudomonas,Genus_Pseudomonas,TACAGAGGGTGCAAGCGTTAATCGGAATTACTGGGCGTAAAGCGCGCGTAGGTGGTTTGTTAAGTTGGATGTGAAAGCCCCGGGCTCAACCTGGGAACTGCATCCAAAACTGGCAAGCTAGAGTAGGGCAGAGGGTGGTGGAATTTCCTGTGTAGCGGTGAAATGCGTAGATATAGGAAGGAACACCAGTGGCGAAGGCGACCACCTGGGCTCATACTGACACTGAGGTGCGAAAGCGTGGGGAGCAAACAGG,Otu0463,,Otu0463
Otu0464,Potential,Mosquitoes,Mosquitoes,Bacteria,Proteobacteria,Gammaproteobacteria,Burkholderiales,Oxalobacteraceae,Janthinobacterium,Genus_Janthinobacterium,TACGTAGGGTGCAAGCGTTAATCGGAATTACTGGGCGTAAAGCGTGCGCAGGCGGTTTTGTAAGTCTGATGTGAAATCCCCGGGCTCAACCTGGGAATTGCATTGGAGACTGTAAGGCTAGAATCTGGCAGAGGGGGGTAGAATTCCACGTGTAGCAGTGAAATGCGTAGATATGTGGAGGAACACCGATGGCGAAGGCAGCCCCCTGGGTCAAGATTGACGCTCATGCACGAAAGCGTGGGGAGCAAACAGG,Otu0464,,Otu0464
Otu0470,Potential,Mosquitoes,Mosquitoes,Bacteria,Actinobacteriota,Actinobacteria,Corynebacteriales,Corynebacteriaceae,Corynebacterium,kroppenstedtii,TACGTAGGGTGCGAGCGTTGTCCGGAATTACTGGGCGTAAAGAGCTCGTAGGTGGTCTGTCGCGTCATTTGTGAAAGCCCGGGGCTTAACTCCGGGTTGGCAGGTGATACGGGCATGACTGGAGTACTGTAGGGGAGACTGGAATTCCTGGTGTAGCGGTGAAATGCGCAGATATCAGGAGGAACACCGGTGGCGAAGGCGGGTCTCTGGGCAGTAACTGACGCTGAGGAGCGAAAGCATGGGTAGCGAACAGG,Otu0470,,Otu0470
Otu0473,Missing,Missing,Missing,Bacteria,Deinococcota,Deinococci,Deinococcales,Deinococcaceae,Deinococcus,Genus_Deinococcus,TACGGAGGGTGCAAGCGTTACCCGGAATCACTGGGCGTAAAGGGCGTGTAGGCGGGACTTTAAGTCTGGTTTTAAAGACTGCGGCTCAACCGCAGGGATGGACTGGATACTGGAGTTCTAGACCTCTGGAGAGGCAACCGGAATTCCTGGTGTAGCGGTGGAATGCGTAGATACCAGGAGGAACACCAATGGCGAAGGCAGGTTGCTGGACAGAAGGTGACGCTGAGGCGCGAAAGTGTGGGGAGCGAACCGG,Otu0473,,Otu0473
Otu0474,Potential,Mosquitoes,Hatch,Bacteria,Proteobacteria,Alphaproteobacteria,Rhodobacterales,Rhodobacteraceae,Paracoccus,Genus_Paracoccus,TACGGAGGGGGCTAGCGTTGTTCGGAATTACTGGGCGTAAAGCGCACGTAGGCGGACCAGAAAGTTGGGGGTGAAATCCCGGGGCTCAACCTCGGAACTGCCCTCAAAACTATTGGTCTGGAGTTCGAGAGAGGTGAGTGGAATTCCGAGTGTAGAGGTGAAATTCGTAGATATTCGGAGGAACACCAGTGGCGAAGGCGGCTCACTGGCTCGATACTGACGCTGAGGTGCGAAAGCGTGGGGAGCAAACAGG,Otu0474,,Otu0474
Otu0639,Potential,Mosquitoes,Infusion,Bacteria,Proteobacteria,Alphaproteobacteria,Sphingomonadales,Sphingomonadaceae,Sphingomonas,paucimobilis,TACGGAGGGGGCTAGCGTTGTTCGGAATTACTGGGCGTAAAGCGCACGTAGGCGGCTTTGTAAGTCAGAGGTGAAAGCCTGGAGCTCAACTCCAGAACTGCCTTTGAGACTGCATCGCTTGAATCCAGGAGAGGTCAGTGGAATTCCGAGTGTAGAGGTGAAATTCGTAGATATTCGGAAGAACACCAGTGGCGAAGGCGGCTGACTGGACTGGTATTGACGCTGAGGTGCGAAAGCGTGGGGAGCAAACAGG,Otu0639,,Otu0639
Otu0725,Missing,Missing,Missing,Bacteria,Bacteroidota,Bacteroidia,Cytophagales,Hymenobacteraceae,Hymenobacter,Genus_Hymenobacter,TACGGAGGGTGCGAGCGTTGTCCGGATTTATTGGGTTTAAAGGGTGCGTAGGCGGCCCGTTAAGTCCGGGGTGAAAGCCCGCTGCTCAACAGCGGAACTGCCCTGGATACTGGCGGGCTTGAGTACAGACGAGGTTGGCGGAATGGACCGAGTAGCGGTGAAATGCATAGATACGGTCCAGAACCCCGATTGCGAAGGCAGCTGACTAGGCTGTTACTGACGCTGAGGCACGACAGCGTGGGGAGCGAACAGG,Otu0725,,Otu0725