"","sample_name","Observed","Shannon","InvSimpson","orgname","X16scq","totsum","rspsum","mesocosm","type","stage","sex","date.collected","day","abdomen.length.mm","wing.length","hindleg.length","special","dispersal","temperature","infusion","Wolb_ct1","Wolb_ct2","Act_ct","notes","newday","lib_size","is.neg","even","lib_size_clean"
"1","M_D13_OL1_1_S216_L001",25,1.63720551357281,2.69319917569777,"M_D13_OL1.1",NA,25797,23466,"OL1.1","Microbial Water","Water","","8/27/19",12,NA,NA,NA,"","N","C","OL",NA,NA,NA,"","early",25797,FALSE,0.508626490318197,9200
"2","M_D13_OL1_2_S217_L001",29,1.51120717830434,2.35294143811202,"M_D13_OL1.2",NA,34139,31716,"OL1.2","Microbial Water","Water","","8/27/19",12,NA,NA,NA,"","N","C","OL",NA,NA,NA,"","early",34139,FALSE,0.448789549420257,9200
"3","M_D13_OL1_3_S218_L001",22,1.56392127294083,2.41245102915378,"M_D13_OL1.3",NA,15861,14492,"OL1.3","Microbial Water","Water","","8/27/19",12,NA,NA,NA,"","D","C","OL",NA,NA,NA,"","early",15861,FALSE,0.505952699304302,9200
"4","M_D13_OL1_4_S219_L001",28,1.52174574736934,2.3083796691097,"M_D13_OL1.4",NA,49298,45548,"OL1.4","Microbial Water","Water","","8/27/19",12,NA,NA,NA,"","D","C","OL",NA,NA,NA,"","early",49298,FALSE,0.456678376949116,9200
"5","M_D13_OL1_6_S221_L001",33,1.74545078676407,2.9022143717354,"M_D13_OL1.6",NA,44559,39491,"OL1.6","Microbial Water","Water","","8/27/19",12,NA,NA,NA,"","N","H","OL",NA,NA,NA,"","early",44559,FALSE,0.499198344656804,9200
"6","M_D13_OL1_7_S222_L001",31,1.81802743123138,3.20520588449141,"M_D13_OL1.7",NA,32248,29021,"OL1.7","Microbial Water","Water","","8/27/19",12,NA,NA,NA,"","D","H","OL",NA,NA,NA,"","early",32248,FALSE,0.529421725525608,9200
"7","M_D13_OL1_8_S223_L001",28,1.77952496140826,3.15295434504228,"M_D13_OL1.8",NA,32456,29261,"OL1.8","Microbial Water","Water","","8/27/19",12,NA,NA,NA,"","D","H","OL",NA,NA,NA,"","early",32456,FALSE,0.534038338875754,9200
"8","M_D13_OL2_1_S224_L001",30,1.75534837647812,2.97460250362846,"M_D13_OL2.1",NA,39229,35577,"OL2.1","Microbial Water","Water","","8/27/19",12,NA,NA,NA,"","N","C","OL",NA,NA,NA,"","early",39229,FALSE,0.516097179758584,9200
"9","M_D13_OL2_2_S225_L001",27,1.50375673409135,2.19629101873184,"M_D13_OL2.2",NA,31583,29041,"OL2.2","Microbial Water","Water","","8/27/19",12,NA,NA,NA,"","N","C","OL",NA,NA,NA,"","early",31583,FALSE,0.45625945555807,9200
"10","M_D13_OL2_3_S226_L001",21,1.43837046889094,2.1691106748743,"M_D13_OL2.3",NA,23414,21719,"OL2.3","Microbial Water","Water","","8/27/19",12,NA,NA,NA,"","D","C","OL",NA,NA,NA,"","early",23414,FALSE,0.472445350071552,9200
"11","M_D13_OL2_4_S227_L001",25,1.6156089238932,2.50914143903412,"M_D13_OL2.4",NA,36063,33143,"OL2.4","Microbial Water","Water","","8/27/19",12,NA,NA,NA,"","D","C","OL",NA,NA,NA,"","early",36063,FALSE,0.501917132500554,9200
"12","M_D13_OL2_5_S228_L001",24,1.72545200269182,2.74326797372063,"M_D13_OL2.5",NA,21732,19188,"OL2.5","Microbial Water","Water","","8/27/19",12,NA,NA,NA,"","N","H","OL",NA,NA,NA,"","early",21732,FALSE,0.542927242520278,9200
"13","M_D13_OL2_6_S229_L001",31,1.90245793446269,3.24481600007115,"M_D13_OL2.6",NA,29456,25651,"OL2.6","Microbial Water","Water","","8/27/19",12,NA,NA,NA,"","N","H","OL",NA,NA,NA,"","early",29456,FALSE,0.554008451743174,9200
"14","M_D13_OL2_7_S230_L001",25,1.82504329565061,3.63392779938452,"M_D13_OL2.7",NA,28640,24118,"OL2.7","Microbial Water","Water","","8/27/19",12,NA,NA,NA,"","D","H","OL",NA,NA,NA,"","early",28640,FALSE,0.566981578335765,9200
"15","M_D13_OL2_8_S231_L001",27,1.96055804639676,3.9761218474648,"M_D13_OL2.8",NA,30425,26427,"OL2.8","Microbial Water","Water","","8/27/19",12,NA,NA,NA,"","D","H","OL",NA,NA,NA,"","early",30425,FALSE,0.594858946636405,9200
"16","M_D13_OL3_1_S232_L001",30,1.81269816311356,2.89632834946309,"M_D13_OL3.1",NA,25558,22609,"OL3.1","Microbial Water","Water","","8/27/19",12,NA,NA,NA,"","N","C","OL",NA,NA,NA,"","early",25558,FALSE,0.532958825879049,9200
"17","M_D13_OL3_2_S233_L001",32,1.7330706750139,2.69855088710078,"M_D13_OL3.2",NA,33057,28708,"OL3.2","Microbial Water","Water","","8/27/19",12,NA,NA,NA,"","N","C","OL",NA,NA,NA,"","early",33057,FALSE,0.500058493670528,9200
"18","M_D13_OL3_3_S234_L001",29,1.84833548745434,3.18648568652766,"M_D13_OL3.3",NA,34293,29510,"OL3.3","Microbial Water","Water","","8/27/19",12,NA,NA,NA,"","D","C","OL",NA,NA,NA,"","early",34293,FALSE,0.548907960801819,9200
"19","M_D13_OL3_4_S235_L001",30,1.81722479461389,2.98391723606346,"M_D13_OL3.4",NA,33407,28879,"OL3.4","Microbial Water","Water","","8/27/19",12,NA,NA,NA,"","D","C","OL",NA,NA,NA,"","early",33407,FALSE,0.534289719382829,9200
"20","M_D13_OL3_5_S236_L001",26,1.83944696196719,3.13375398105975,"M_D13_OL3.5",NA,22708,19029,"OL3.5","Microbial Water","Water","","8/27/19",12,NA,NA,NA,"","N","H","OL",NA,NA,NA,"","early",22708,FALSE,0.56457718195306,9200
"21","M_D13_OL3_6_S237_L001",29,1.90997993725486,3.41150918411001,"M_D13_OL3.6",NA,40936,34119,"OL3.6","Microbial Water","Water","","8/27/19",12,NA,NA,NA,"","N","H","OL",NA,NA,NA,"","early",40936,FALSE,0.56721477223536,9200
"22","M_D13_OL3_7_S238_L001",26,1.79133920666024,3.09781519848746,"M_D13_OL3.7",NA,26852,22507,"OL3.7","Microbial Water","Water","","8/27/19",12,NA,NA,NA,"","D","H","OL",NA,NA,NA,"","early",26852,FALSE,0.54981158039843,9200
"23","M_D13_OL3_8_S239_L001",26,1.96341368222862,3.67016427887733,"M_D13_OL3.8",NA,19802,15641,"OL3.8","Microbial Water","Water","","8/27/19",12,NA,NA,NA,"","D","H","OL",NA,NA,NA,"","early",19802,FALSE,0.602625999357564,9200
"24","M_D13_SG1_1_S240_L001",19,0.985773600925942,1.55998390621518,"M_D13_SG1.1",NA,16235,15460,"SG1.1","Microbial Water","Water","","8/27/19",12,NA,NA,NA,"","N","C","SG",NA,NA,NA,"","early",16235,FALSE,0.334791655694291,9200
"25","M_D13_SG1_2_S241_L001",22,1.29746325646651,1.9232974261763,"M_D13_SG1.2",NA,13962,12998,"SG1.2","Microbial Water","Water","","8/27/19",12,NA,NA,NA,"","N","C","SG",NA,NA,NA,"","early",13962,FALSE,0.419749413359516,9200
"26","M_D13_SG1_3_S242_L001",26,1.34589172998737,1.9648208848946,"M_D13_SG1.3",NA,25161,23558,"SG1.3","Microbial Water","Water","","8/27/19",12,NA,NA,NA,"","D","C","SG",NA,NA,NA,"","early",25161,FALSE,0.413091421411559,9200
"27","M_D13_SG1_4_S243_L001",22,1.16339774019452,1.73995236099242,"M_D13_SG1.4",NA,17796,16776,"SG1.4","Microbial Water","Water","","8/27/19",12,NA,NA,NA,"","D","C","SG",NA,NA,NA,"","early",17796,FALSE,0.376377147111173,9200
"28","M_D13_SG1_5_S244_L001",23,1.40297479383676,2.01185272192216,"M_D13_SG1.5",NA,16366,14783,"SG1.5","Microbial Water","Water","","8/27/19",12,NA,NA,NA,"","N","H","SG",NA,NA,NA,"","early",16366,FALSE,0.447449332455876,9200
"29","M_D13_SG1_6_S245_L001",24,1.42567167581071,2.08914673461725,"M_D13_SG1.6",NA,29384,27157,"SG1.6","Microbial Water","Water","","8/27/19",12,NA,NA,NA,"","N","H","SG",NA,NA,NA,"","early",29384,FALSE,0.448598970286988,9200
"30","M_D13_SG1_7_S246_L001",23,1.24505485451877,1.79386529436537,"M_D13_SG1.7",NA,20666,19088,"SG1.7","Microbial Water","Water","","8/27/19",12,NA,NA,NA,"","D","H","SG",NA,NA,NA,"","early",20666,FALSE,0.39708408588144,9200
"31","M_D13_SG1_8_S247_L001",26,1.24180747578401,1.8272397492692,"M_D13_SG1.8",NA,27823,24451,"SG1.8","Microbial Water","Water","","8/27/19",12,NA,NA,NA,"","D","H","SG",NA,NA,NA,"","early",27823,FALSE,0.381145083115957,9200
"32","M_D13_SG2_1_S248_L001",17,1.01122080662894,1.60079071193389,"M_D13_SG2.1",NA,18245,17574,"SG2.1","Microbial Water","Water","","8/27/19",12,NA,NA,NA,"","N","C","SG",NA,NA,NA,"","early",18245,FALSE,0.356916576279147,9200
"33","M_D13_SG2_2_S249_L001",21,0.847501687298556,1.43859482734737,"M_D13_SG2.2",NA,22164,21521,"SG2.2","Microbial Water","Water","","8/27/19",12,NA,NA,NA,"","N","C","SG",NA,NA,NA,"","early",22164,FALSE,0.278369335301166,9200
"34","M_D13_SG2_3_S250_L001",21,0.844320889122488,1.42711391670436,"M_D13_SG2.3",NA,25354,24502,"SG2.3","Microbial Water","Water","","8/27/19",12,NA,NA,NA,"","D","C","SG",NA,NA,NA,"","early",25354,FALSE,0.277324574344027,9200
"35","M_D13_SG2_4_S251_L001",18,0.906971327008935,1.5060493396995,"M_D13_SG2.4",NA,18306,17703,"SG2.4","Microbial Water","Water","","8/27/19",12,NA,NA,NA,"","D","C","SG",NA,NA,NA,"","early",18306,FALSE,0.313790544254798,9200
"36","M_D13_SG2_5_S252_L001",16,1.18000837653964,2.05250344553346,"M_D13_SG2.5",NA,13094,12760,"SG2.5","Microbial Water","Water","","8/27/19",12,NA,NA,NA,"","N","H","SG",NA,NA,NA,"","early",13094,FALSE,0.425598058260295,9200
"37","M_D13_SG2_6_S253_L001",20,0.773584977635085,1.36051486872044,"M_D13_SG2.6",NA,11982,11604,"SG2.6","Microbial Water","Water","","8/27/19",12,NA,NA,NA,"","N","H","SG",NA,NA,NA,"","early",11982,FALSE,0.258229009469308,9200
"38","M_D13_SG2_8_S255_L001",24,1.03983213015059,1.63998792795276,"M_D13_SG2.8",NA,16851,16197,"SG2.8","Microbial Water","Water","","8/27/19",12,NA,NA,NA,"","D","H","SG",NA,NA,NA,"","early",16851,FALSE,0.327191478074098,9200
"39","M_D13_SG3_1_S256_L001",22,1.01618482134505,1.59977512423773,"M_D13_SG3.1",NA,17195,16138,"SG3.1","Microbial Water","Water","","8/27/19",12,NA,NA,NA,"","N","C","SG",NA,NA,NA,"","early",17195,FALSE,0.328751492960247,9200
"40","M_D13_SG3_2_S257_L001",26,1.23116718370925,1.82446546977076,"M_D13_SG3.2",NA,28723,26812,"SG3.2","Microbial Water","Water","","8/27/19",12,NA,NA,NA,"","N","C","SG",NA,NA,NA,"","early",28723,FALSE,0.377879282992914,9200
"41","M_D13_SG3_3_S258_L001",23,1.11000910376065,1.6817257685451,"M_D13_SG3.3",NA,22766,21322,"SG3.3","Microbial Water","Water","","8/27/19",12,NA,NA,NA,"","D","C","SG",NA,NA,NA,"","early",22766,FALSE,0.354014081136399,9200
"42","M_D13_SG3_4_S259_L001",28,1.24799714391179,1.84935387106647,"M_D13_SG3.4",NA,36290,33899,"SG3.4","Microbial Water","Water","","8/27/19",12,NA,NA,NA,"","D","C","SG",NA,NA,NA,"","early",36290,FALSE,0.374525975251794,9200
"43","M_D13_SG3_5_S260_L001",21,1.34185919279265,2.00269426737757,"M_D13_SG3.5",NA,21734,19834,"SG3.5","Microbial Water","Water","","8/27/19",12,NA,NA,NA,"","N","H","SG",NA,NA,NA,"","early",21734,FALSE,0.44074537804886,9200
"44","M_D13_SG3_6_S261_L001",22,1.32246283456774,1.97953936511888,"M_D13_SG3.6",NA,22536,20835,"SG3.6","Microbial Water","Water","","8/27/19",12,NA,NA,NA,"","N","H","SG",NA,NA,NA,"","early",22536,FALSE,0.427837163197462,9200
"45","M_D13_SG3_7_S262_L001",21,1.17244597789241,1.74712820961014,"M_D13_SG3.7",NA,17221,15978,"SG3.7","Microbial Water","Water","","8/27/19",12,NA,NA,NA,"","D","H","SG",NA,NA,NA,"","early",17221,FALSE,0.38510012715463,9200
"46","M_D13_SG3_8_S263_L001",21,1.03773135763819,1.57929352140361,"M_D13_SG3.8",NA,15309,14265,"SG3.8","Microbial Water","Water","","8/27/19",12,NA,NA,NA,"","D","H","SG",NA,NA,NA,"","early",15309,FALSE,0.340851932894332,9200
"47","M_D13_SW1_1_S264_L001",15,1.58424538449286,3.33967044744403,"M_D13_SW1.1",NA,18733,17179,"SW1.1","Microbial Water","Water","","8/27/19",12,NA,NA,NA,"","N","C","SW",NA,NA,NA,"","early",18733,FALSE,0.585013299918905,9200
"48","M_D13_SW1_2_S265_L001",18,1.65869890185711,3.63432693931103,"M_D13_SW1.2",NA,15053,13836,"SW1.2","Microbial Water","Water","","8/27/19",12,NA,NA,NA,"","N","C","SW",NA,NA,NA,"","early",15053,FALSE,0.573870436329075,9200
"49","M_D13_SW1_3_S266_L001",20,1.61093011797151,3.31031340971042,"M_D13_SW1.3",NA,25973,23773,"SW1.3","Microbial Water","Water","","8/27/19",12,NA,NA,NA,"","D","C","SW",NA,NA,NA,"","early",25973,FALSE,0.537741684125992,9200
"50","M_D13_SW1_4_S267_L001",19,1.45940414337288,2.88360654687707,"M_D13_SW1.4",NA,22678,21316,"SW1.4","Microbial Water","Water","","8/27/19",12,NA,NA,NA,"","D","C","SW",NA,NA,NA,"","early",22678,FALSE,0.495647610189574,9200
"51","M_D13_SW1_5_S268_L001",23,1.69729954970563,3.94367772176198,"M_D13_SW1.5",NA,38842,36533,"SW1.5","Microbial Water","Water","","8/27/19",12,NA,NA,NA,"","N","H","SW",NA,NA,NA,"","early",38842,FALSE,0.541318029254493,9200
"52","M_D13_SW1_6_S269_L001",22,1.6709427267469,3.81948665630026,"M_D13_SW1.6",NA,40625,38032,"SW1.6","Microbial Water","Water","","8/27/19",12,NA,NA,NA,"","N","H","SW",NA,NA,NA,"","early",40625,FALSE,0.540575793429001,9200
"53","M_D13_SW1_7_S270_L001",19,1.70736781700535,3.92454087183972,"M_D13_SW1.7",NA,21656,19863,"SW1.7","Microbial Water","Water","","8/27/19",12,NA,NA,NA,"","D","H","SW",NA,NA,NA,"","early",21656,FALSE,0.579861844339766,9200
"54","M_D13_SW1_8_S271_L001",18,1.58731056576812,3.48210214308906,"M_D13_SW1.8",NA,26330,24660,"SW1.8","Microbial Water","Water","","8/27/19",12,NA,NA,NA,"","D","H","SW",NA,NA,NA,"","early",26330,FALSE,0.54917176706829,9200
"55","M_D13_SW2_1_S461_L001",18,1.58168007443868,3.24565190398668,"M_D13_SW2.1",NA,30490,28104,"SW2.1","Microbial Water","Water","","8/27/19",12,NA,NA,NA,"","N","C","SW",NA,NA,NA,"","early",30490,FALSE,0.547223750757219,9200
"56","M_D13_SW2_2_S272_L001",19,1.60056420077089,3.44787552778281,"M_D13_SW2.2",NA,26891,24879,"SW2.2","Microbial Water","Water","","8/27/19",12,NA,NA,NA,"","N","C","SW",NA,NA,NA,"","early",26891,FALSE,0.54358885074399,9200
"57","M_D13_SW2_3_S273_L001",19,1.59873375630251,3.41938848212279,"M_D13_SW2.3",NA,26418,24600,"SW2.3","Microbial Water","Water","","8/27/19",12,NA,NA,NA,"","D","C","SW",NA,NA,NA,"","early",26418,FALSE,0.542967189204615,9200
"58","M_D13_SW2_4_S274_L001",19,1.62373674190288,3.52739036959083,"M_D13_SW2.4",NA,29091,26768,"SW2.4","Microbial Water","Water","","8/27/19",12,NA,NA,NA,"","D","C","SW",NA,NA,NA,"","early",29091,FALSE,0.551458784981361,9200
"59","M_D13_SW2_5_S275_L001",17,1.69309548208289,3.94907779888556,"M_D13_SW2.5",NA,17144,15926,"SW2.5","Microbial Water","Water","","8/27/19",12,NA,NA,NA,"","N","H","SW",NA,NA,NA,"","early",17144,FALSE,0.597588418688917,9200
"60","M_D13_SW2_6_S276_L001",24,1.61120264195289,3.50701365439856,"M_D13_SW2.6",NA,34200,32236,"SW2.6","Microbial Water","Water","","8/27/19",12,NA,NA,NA,"","N","H","SW",NA,NA,NA,"","early",34200,FALSE,0.506977769403135,9200
"61","M_D13_SW2_7_S277_L001",18,1.75435066918543,4.25525710772226,"M_D13_SW2.7",NA,24687,22845,"SW2.7","Microbial Water","Water","","8/27/19",12,NA,NA,NA,"","D","H","SW",NA,NA,NA,"","early",24687,FALSE,0.606963676694093,9200
"62","M_D13_SW2_8_S278_L001",16,1.61975628558657,3.78327789382989,"M_D13_SW2.8",NA,17957,16979,"SW2.8","Microbial Water","Water","","8/27/19",12,NA,NA,NA,"","D","H","SW",NA,NA,NA,"","early",17957,FALSE,0.584203590166117,9200
"63","M_D13_SW3_1_S279_L001",19,1.64648905254239,3.64312398225819,"M_D13_SW3.1",NA,25173,23183,"SW3.1","Microbial Water","Water","","8/27/19",12,NA,NA,NA,"","N","C","SW",NA,NA,NA,"","early",25173,FALSE,0.559185999163924,9200
"64","M_D13_SW3_2_S280_L001",21,1.6324967908362,3.50976655573969,"M_D13_SW3.2",NA,32434,29773,"SW3.2","Microbial Water","Water","","8/27/19",12,NA,NA,NA,"","N","C","SW",NA,NA,NA,"","early",32434,FALSE,0.536207836936463,9200
"65","M_D13_SW3_3_S281_L001",18,1.58131594171946,3.47304573472726,"M_D13_SW3.3",NA,23737,21956,"SW3.3","Microbial Water","Water","","8/27/19",12,NA,NA,NA,"","D","C","SW",NA,NA,NA,"","early",23737,FALSE,0.547097769482243,9200
"66","M_D13_SW3_4_S282_L001",18,1.50025148140652,3.14536693841785,"M_D13_SW3.4",NA,22840,21259,"SW3.4","Microbial Water","Water","","8/27/19",12,NA,NA,NA,"","D","C","SW",NA,NA,NA,"","early",22840,FALSE,0.519051390987336,9200
"67","M_D13_SW3_5_S283_L001",22,1.65425192642883,3.53168460187183,"M_D13_SW3.5",NA,34205,31533,"SW3.5","Microbial Water","Water","","8/27/19",12,NA,NA,NA,"","N","H","SW",NA,NA,NA,"","early",34205,FALSE,0.535176061600687,9200
"68","M_D13_SW3_6_S284_L001",20,1.64310416454173,3.5565664242145,"M_D13_SW3.6",NA,29218,27046,"SW3.6","Microbial Water","Water","","8/27/19",12,NA,NA,NA,"","N","H","SW",NA,NA,NA,"","early",29218,FALSE,0.548481644720686,9200
"69","M_D13_SW3_7_S285_L001",23,1.64060047135451,3.52713224812342,"M_D13_SW3.7",NA,29584,27389,"SW3.7","Microbial Water","Water","","8/27/19",12,NA,NA,NA,"","D","H","SW",NA,NA,NA,"","early",29584,FALSE,0.523235049524193,9200
"70","M_D13_SW3_8_S286_L001",22,1.57683493083719,3.32185023918578,"M_D13_SW3.8",NA,30900,29270,"SW3.8","Microbial Water","Water","","8/27/19",12,NA,NA,NA,"","D","H","SW",NA,NA,NA,"","early",30900,FALSE,0.51013046719045,9200
"71","M_D21_OL1_1_S287_L001",24,1.65947081382612,2.82483669580347,"M_D21_OL1.1",NA,21015,18760,"OL1.1","Microbial Water","Water","","9/4/19",20,NA,NA,NA,"","N","C","OL",NA,NA,NA,"","mid",21015,FALSE,0.522165734884494,9200
"72","M_D21_OL1_2_S288_L001",29,1.48015164961026,2.19172974190725,"M_D21_OL1.2",NA,29867,27547,"OL1.2","Microbial Water","Water","","9/4/19",20,NA,NA,NA,"","N","C","OL",NA,NA,NA,"","mid",29867,FALSE,0.439566858494937,9200
"73","M_D21_OL1_3_S289_L001",28,1.5250201782815,2.29681603876626,"M_D21_OL1.3",NA,33671,30897,"OL1.3","Microbial Water","Water","","9/4/19",20,NA,NA,NA,"","D","C","OL",NA,NA,NA,"","mid",33671,FALSE,0.45766103899827,9200
"74","M_D21_OL1_4_S290_L001",27,1.62965961353272,2.50815699237365,"M_D21_OL1.4",NA,30036,27244,"OL1.4","Microbial Water","Water","","9/4/19",20,NA,NA,NA,"","D","C","OL",NA,NA,NA,"","mid",30036,FALSE,0.494460035429006,9200
"75","M_D21_OL1_5_S291_L001",29,1.86463406942434,3.25882543368483,"M_D21_OL1.5",NA,29524,25436,"OL1.5","Microbial Water","Water","","9/4/19",20,NA,NA,NA,"","N","H","OL",NA,NA,NA,"","mid",29524,FALSE,0.553748219214772,9200
"76","M_D21_OL1_6_S292_L001",27,1.75293334693813,2.97132315084106,"M_D21_OL1.6",NA,29723,26542,"OL1.6","Microbial Water","Water","","9/4/19",20,NA,NA,NA,"","N","H","OL",NA,NA,NA,"","mid",29723,FALSE,0.53186289801512,9200
"77","M_D21_OL1_7_S293_L001",27,1.69104659160007,2.67187336835474,"M_D21_OL1.7",NA,30401,27154,"OL1.7","Microbial Water","Water","","9/4/19",20,NA,NA,NA,"","D","H","OL",NA,NA,NA,"","mid",30401,FALSE,0.513085647242665,9200
"78","M_D21_OL1_8_S294_L001",29,1.45626604968306,2.22311735264966,"M_D21_OL1.8",NA,36718,33590,"OL1.8","Microbial Water","Water","","9/4/19",20,NA,NA,NA,"","D","H","OL",NA,NA,NA,"","mid",36718,FALSE,0.432473451460577,9200
"79","M_D21_OL2_1_S295_L001",22,1.69347968452514,2.7648530985595,"M_D21_OL2.1",NA,25148,22317,"OL2.1","Microbial Water","Water","","9/4/19",20,NA,NA,NA,"","N","C","OL",NA,NA,NA,"","mid",25148,FALSE,0.547866847537222,9200
"80","M_D21_OL2_2_S296_L001",27,1.24105784350393,1.78082893884056,"M_D21_OL2.2",NA,43030,40166,"OL2.2","Microbial Water","Water","","9/4/19",20,NA,NA,NA,"","N","C","OL",NA,NA,NA,"","mid",43030,FALSE,0.376553177223397,9200
"81","M_D21_OL2_3_S297_L001",22,1.45441765794309,2.20468832807679,"M_D21_OL2.3",NA,26488,24598,"OL2.3","Microbial Water","Water","","9/4/19",20,NA,NA,NA,"","D","C","OL",NA,NA,NA,"","mid",26488,FALSE,0.470526587676889,9200
"82","M_D21_OL2_4_S298_L001",27,1.61072744186477,2.48903562749841,"M_D21_OL2.4",NA,24313,22065,"OL2.4","Microbial Water","Water","","9/4/19",20,NA,NA,NA,"","D","C","OL",NA,NA,NA,"","mid",24313,FALSE,0.488715766996539,9200
"83","M_D21_OL2_5_S299_L001",31,1.72523074765741,2.80496077727637,"M_D21_OL2.5",NA,36637,32190,"OL2.5","Microbial Water","Water","","9/4/19",20,NA,NA,NA,"","N","H","OL",NA,NA,NA,"","mid",36637,FALSE,0.502398711737795,9200
"84","M_D21_OL2_6_S300_L001",29,1.86726060587116,3.26059605113465,"M_D21_OL2.6",NA,31339,27606,"OL2.6","Microbial Water","Water","","9/4/19",20,NA,NA,NA,"","N","H","OL",NA,NA,NA,"","mid",31339,FALSE,0.554528232786324,9200
"85","M_D21_OL2_7_S301_L001",24,2.06008259981964,5.13298705885663,"M_D21_OL2.7",NA,28489,22706,"OL2.7","Microbial Water","Water","","9/4/19",20,NA,NA,NA,"","D","H","OL",NA,NA,NA,"","mid",28489,FALSE,0.648221430407331,9200
"86","M_D21_OL2_8_S302_L001",19,1.75963369373849,3.74680189387024,"M_D21_OL2.8",NA,14552,12696,"OL2.8","Microbial Water","Water","","9/4/19",20,NA,NA,NA,"","D","H","OL",NA,NA,NA,"","mid",14552,FALSE,0.597612552404341,9200
"87","M_D21_OL3_1_S303_L001",26,1.91153422088295,3.36084669194449,"M_D21_OL3.1",NA,17314,14990,"OL3.1","Microbial Water","Water","","9/4/19",20,NA,NA,NA,"","N","C","OL",NA,NA,NA,"","mid",17314,FALSE,0.586702756832293,9200
"88","M_D21_OL3_2_S304_L001",28,1.853309644162,3.1269890036683,"M_D21_OL3.2",NA,25450,21819,"OL3.2","Microbial Water","Water","","9/4/19",20,NA,NA,NA,"","N","C","OL",NA,NA,NA,"","mid",25450,FALSE,0.556181242328538,9200
"89","M_D21_OL3_3_S305_L001",23,1.61220316425143,2.42807724796951,"M_D21_OL3.3",NA,25244,22094,"OL3.3","Microbial Water","Water","","9/4/19",20,NA,NA,NA,"","D","C","OL",NA,NA,NA,"","mid",25244,FALSE,0.514178325082216,9200
"90","M_D21_OL3_4_S306_L001",28,1.8977425450575,3.29412120015297,"M_D21_OL3.4",NA,31471,26897,"OL3.4","Microbial Water","Water","","9/4/19",20,NA,NA,NA,"","D","C","OL",NA,NA,NA,"","mid",31471,FALSE,0.569515628246275,9200
"91","M_D21_OL3_5_S307_L001",28,1.96179050639558,3.52073012888102,"M_D21_OL3.5",NA,32709,26914,"OL3.5","Microbial Water","Water","","9/4/19",20,NA,NA,NA,"","N","H","OL",NA,NA,NA,"","mid",32709,FALSE,0.588736525745964,9200
"92","M_D21_OL3_6_S465_L001",27,1.84296834869652,3.53960865578176,"M_D21_OL3.6",NA,24304,21186,"OL3.6","Microbial Water","Water","","9/4/19",20,NA,NA,NA,"","N","H","OL",NA,NA,NA,"","mid",24304,FALSE,0.559180694805086,9200
"93","M_D21_OL3_7_S308_L001",23,1.80539295370381,3.06552264915629,"M_D21_OL3.7",NA,20279,17085,"OL3.7","Microbial Water","Water","","9/4/19",20,NA,NA,NA,"","D","H","OL",NA,NA,NA,"","mid",20279,FALSE,0.575792149298802,9200
"94","M_D21_OL3_8_S309_L001",25,1.92679293411704,3.56413523231896,"M_D21_OL3.8",NA,21457,17178,"OL3.8","Microbial Water","Water","","9/4/19",20,NA,NA,NA,"","D","H","OL",NA,NA,NA,"","mid",21457,FALSE,0.598591880814767,9200
"95","M_D21_SG1_1_S310_L001",21,1.44892862592008,2.15446232317831,"M_D21_SG1.1",NA,11702,10748,"SG1.1","Microbial Water","Water","","9/4/19",20,NA,NA,NA,"","N","C","SG",NA,NA,NA,"","mid",11702,FALSE,0.4759132690129,9200
"96","M_D21_SG1_2_S311_L001",18,1.33766962297838,2.01127808024838,"M_D21_SG1.2",NA,13530,12365,"SG1.2","Microbial Water","Water","","9/4/19",20,NA,NA,NA,"","N","C","SG",NA,NA,NA,"","mid",13530,FALSE,0.462801928272383,9200
"97","M_D21_SG1_3_S312_L001",23,1.53108980333423,2.27212705184696,"M_D21_SG1.3",NA,22787,20640,"SG1.3","Microbial Water","Water","","9/4/19",20,NA,NA,NA,"","D","C","SG",NA,NA,NA,"","mid",22787,FALSE,0.488308922898307,9200
"98","M_D21_SG1_4_S313_L001",19,1.38597116623195,2.02947817042543,"M_D21_SG1.4",NA,12721,11567,"SG1.4","Microbial Water","Water","","9/4/19",20,NA,NA,NA,"","D","C","SG",NA,NA,NA,"","mid",12721,FALSE,0.470708062227974,9200
"99","M_D21_SG1_5_S314_L001",20,1.71961526971038,2.95263401536249,"M_D21_SG1.5",NA,12970,11673,"SG1.5","Microbial Water","Water","","9/4/19",20,NA,NA,NA,"","N","H","SG",NA,NA,NA,"","mid",12970,FALSE,0.574021679070244,9200
"100","M_D21_SG1_6_S315_L001",20,1.6557653038668,2.66382206726063,"M_D21_SG1.6",NA,13596,11804,"SG1.6","Microbial Water","Water","","9/4/19",20,NA,NA,NA,"","N","H","SG",NA,NA,NA,"","mid",13596,FALSE,0.552708036857539,9200
"101","M_D21_SG1_7_S316_L001",20,1.98888607353179,4.07163890874305,"M_D21_SG1.7",NA,15158,13168,"SG1.7","Microbial Water","Water","","9/4/19",20,NA,NA,NA,"","D","H","SG",NA,NA,NA,"","mid",15158,FALSE,0.663906481593655,9200
"102","M_D21_SG1_8_S317_L001",21,1.26312977930054,1.87811562162609,"M_D21_SG1.8",NA,12534,11186,"SG1.8","Microbial Water","Water","","9/4/19",20,NA,NA,NA,"","D","H","SG",NA,NA,NA,"","mid",12534,FALSE,0.414886014190474,9200
"103","M_D21_SG2_1_S318_L001",16,1.05859316225602,1.6639431654891,"M_D21_SG2.1",NA,12927,12550,"SG2.1","Microbial Water","Water","","9/4/19",20,NA,NA,NA,"","N","C","SG",NA,NA,NA,"","mid",12927,FALSE,0.381806776376433,9200
"104","M_D21_SG2_2_S319_L001",20,1.07547321494754,1.64389759729916,"M_D21_SG2.2",NA,17801,17126,"SG2.2","Microbial Water","Water","","9/4/19",20,NA,NA,NA,"","N","C","SG",NA,NA,NA,"","mid",17801,FALSE,0.359001778777666,9200
"105","M_D21_SG2_3_S320_L001",23,1.12871097256516,1.67182323266221,"M_D21_SG2.3",NA,20352,19145,"SG2.3","Microbial Water","Water","","9/4/19",20,NA,NA,NA,"","D","C","SG",NA,NA,NA,"","mid",20352,FALSE,0.359978649244834,9200
"106","M_D21_SG2_4_S321_L001",22,1.19305266797901,1.7670249429433,"M_D21_SG2.4",NA,20763,19500,"SG2.4","Microbial Water","Water","","9/4/19",20,NA,NA,NA,"","D","C","SG",NA,NA,NA,"","mid",20763,FALSE,0.385970974511463,9200
"107","M_D21_SG2_5_S322_L001",17,1.39410782720363,2.55527518508386,"M_D21_SG2.5",NA,12617,11094,"SG2.5","Microbial Water","Water","","9/4/19",20,NA,NA,NA,"","N","H","SG",NA,NA,NA,"","mid",12617,FALSE,0.492058894939316,9200
"108","M_D21_SG2_6_S323_L001",19,1.3171641773189,2.0330249335712,"M_D21_SG2.6",NA,14182,13261,"SG2.6","Microbial Water","Water","","9/4/19",20,NA,NA,NA,"","N","H","SG",NA,NA,NA,"","mid",14182,FALSE,0.447339607524075,9200
"109","M_D21_SG2_7_S324_L001",19,1.09147717979231,1.69609993202775,"M_D21_SG2.7",NA,17356,16373,"SG2.7","Microbial Water","Water","","9/4/19",20,NA,NA,NA,"","D","H","SG",NA,NA,NA,"","mid",17356,FALSE,0.370691050999909,9200
"110","M_D21_SG2_8_S325_L001",21,1.22007883282991,1.9073302505372,"M_D21_SG2.8",NA,16755,15364,"SG2.8","Microbial Water","Water","","9/4/19",20,NA,NA,NA,"","D","H","SG",NA,NA,NA,"","mid",16755,FALSE,0.400745554610607,9200
"111","M_D21_SG3_1_S326_L001",22,1.31869696237898,1.96887594211319,"M_D21_SG3.1",NA,19402,17802,"SG3.1","Microbial Water","Water","","9/4/19",20,NA,NA,NA,"","N","C","SG",NA,NA,NA,"","mid",19402,FALSE,0.426618845349812,9200
"112","M_D21_SG3_2_S327_L001",23,1.60684634240468,2.4683245774496,"M_D21_SG3.2",NA,15357,14166,"SG3.2","Microbial Water","Water","","9/4/19",20,NA,NA,NA,"","N","C","SG",NA,NA,NA,"","mid",15357,FALSE,0.512469879306897,9200
"113","M_D21_SG3_3_S328_L001",17,1.45905781848188,2.25127889877139,"M_D21_SG3.3",NA,11413,10307,"SG3.3","Microbial Water","Water","","9/4/19",20,NA,NA,NA,"","D","C","SG",NA,NA,NA,"","mid",11413,FALSE,0.514983392105938,9200
"114","M_D21_SG3_4_S329_L001",23,1.56107917403383,2.34509957862462,"M_D21_SG3.4",NA,18353,16479,"SG3.4","Microbial Water","Water","","9/4/19",20,NA,NA,NA,"","D","C","SG",NA,NA,NA,"","mid",18353,FALSE,0.49787340257339,9200
"115","M_D21_SG3_5_S330_L001",20,1.37547192518412,2.06087238500641,"M_D21_SG3.5",NA,25997,23453,"SG3.5","Microbial Water","Water","","9/4/19",20,NA,NA,NA,"","N","H","SG",NA,NA,NA,"","mid",25997,FALSE,0.45914380845266,9200
"116","M_D21_SG3_6_S331_L001",24,1.73982204630469,3.24451275230744,"M_D21_SG3.6",NA,25433,22989,"SG3.6","Microbial Water","Water","","9/4/19",20,NA,NA,NA,"","N","H","SG",NA,NA,NA,"","mid",25433,FALSE,0.547448891422397,9200
"117","M_D21_SG3_7_S332_L001",22,1.43319036066272,2.16069218938365,"M_D21_SG3.7",NA,17369,15845,"SG3.7","Microbial Water","Water","","9/4/19",20,NA,NA,NA,"","D","H","SG",NA,NA,NA,"","mid",17369,FALSE,0.46365922897811,9200
"118","M_D21_SG3_8_S333_L001",21,1.41867193960556,2.15373867047961,"M_D21_SG3.8",NA,17703,16065,"SG3.8","Microbial Water","Water","","9/4/19",20,NA,NA,NA,"","D","H","SG",NA,NA,NA,"","mid",17703,FALSE,0.465975195987186,9200
"119","M_D21_SW1_1_S334_L001",17,1.37893327538613,2.81257310563365,"M_D21_SW1.1",NA,14924,13847,"SW1.1","Microbial Water","Water","","9/4/19",20,NA,NA,NA,"","N","C","SW",NA,NA,NA,"","mid",14924,FALSE,0.486702943948427,9200
"120","M_D21_SW1_2_S335_L001",15,1.28729004275452,2.28019342204069,"M_D21_SW1.2",NA,11755,10958,"SW1.2","Microbial Water","Water","","9/4/19",20,NA,NA,NA,"","N","C","SW",NA,NA,NA,"","mid",11755,FALSE,0.475356787045742,9200
"121","M_D21_SW1_3_S336_L001",20,1.4401836727469,2.96470114173219,"M_D21_SW1.3",NA,15956,14914,"SW1.3","Microbial Water","Water","","9/4/19",20,NA,NA,NA,"","D","C","SW",NA,NA,NA,"","mid",15956,FALSE,0.480745120470442,9200
"122","M_D21_SW1_4_S337_L001",16,1.14084692817597,2.03561851393114,"M_D21_SW1.4",NA,18681,17815,"SW1.4","Microbial Water","Water","","9/4/19",20,NA,NA,NA,"","D","C","SW",NA,NA,NA,"","mid",18681,FALSE,0.41147355142322,9200
"123","M_D21_SW1_6_S339_L001",18,1.55309493545119,3.33870613619002,"M_D21_SW1.6",NA,20841,19607,"SW1.6","Microbial Water","Water","","9/4/19",20,NA,NA,NA,"","N","H","SW",NA,NA,NA,"","mid",20841,FALSE,0.537333971385621,9200
"124","M_D21_SW1_7_S340_L001",19,1.61279101280739,3.433417062087,"M_D21_SW1.7",NA,26421,24920,"SW1.7","Microbial Water","Water","","9/4/19",20,NA,NA,NA,"","D","H","SW",NA,NA,NA,"","mid",26421,FALSE,0.547741360652673,9200
"125","M_D21_SW1_8_S341_L001",18,1.49990530160277,3.2363981610957,"M_D21_SW1.8",NA,17578,16890,"SW1.8","Microbial Water","Water","","9/4/19",20,NA,NA,NA,"","D","H","SW",NA,NA,NA,"","mid",17578,FALSE,0.518931620994844,9200
"126","M_D21_SW2_1_S342_L001",21,1.76686826255215,4.0807608806228,"M_D21_SW2.1",NA,19364,16454,"SW2.1","Microbial Water","Water","","9/4/19",20,NA,NA,NA,"","N","C","SW",NA,NA,NA,"","mid",19364,FALSE,0.580343321060673,9200
"127","M_D21_SW2_2_S343_L001",17,1.53863721690503,3.10126850822316,"M_D21_SW2.2",NA,23041,20809,"SW2.2","Microbial Water","Water","","9/4/19",20,NA,NA,NA,"","N","C","SW",NA,NA,NA,"","mid",23041,FALSE,0.543071428112865,9200
"128","M_D21_SW2_3_S344_L001",20,1.43314368402359,2.84574355237691,"M_D21_SW2.3",NA,20590,19384,"SW2.3","Microbial Water","Water","","9/4/19",20,NA,NA,NA,"","D","C","SW",NA,NA,NA,"","mid",20590,FALSE,0.478395114501798,9200
"129","M_D21_SW2_4_S345_L001",20,1.4171304850645,2.74844583246443,"M_D21_SW2.4",NA,17035,15808,"SW2.4","Microbial Water","Water","","9/4/19",20,NA,NA,NA,"","D","C","SW",NA,NA,NA,"","mid",17035,FALSE,0.473049777369886,9200
"130","M_D21_SW2_5_S346_L001",13,1.4355964082835,3.05109986670904,"M_D21_SW2.5",NA,16193,15593,"SW2.5","Microbial Water","Water","","9/4/19",20,NA,NA,NA,"","N","H","SW",NA,NA,NA,"","mid",16193,FALSE,0.559697759375752,9200
"131","M_D21_SW2_6_S347_L001",16,1.44369228541232,2.87545397792423,"M_D21_SW2.6",NA,19335,18364,"SW2.6","Microbial Water","Water","","9/4/19",20,NA,NA,NA,"","N","H","SW",NA,NA,NA,"","mid",19335,FALSE,0.520701925183502,9200
"132","M_D21_SW2_7_S348_L001",17,1.57316822131735,3.4085087234708,"M_D21_SW2.7",NA,15989,15178,"SW2.7","Microbial Water","Water","","9/4/19",20,NA,NA,NA,"","D","H","SW",NA,NA,NA,"","mid",15989,FALSE,0.555259357583393,9200
"133","M_D21_SW2_8_S349_L001",20,1.51233921939486,3.20780618726084,"M_D21_SW2.8",NA,18663,17923,"SW2.8","Microbial Water","Water","","9/4/19",20,NA,NA,NA,"","D","H","SW",NA,NA,NA,"","mid",18663,FALSE,0.504831233667183,9200
"134","M_D21_SW3_1_S350_L001",14,1.49561759400079,3.13105893567376,"M_D21_SW3.1",NA,11652,10645,"SW3.1","Microbial Water","Water","","9/4/19",20,NA,NA,NA,"","N","C","SW",NA,NA,NA,"","mid",11652,FALSE,0.56672417731025,9200
"135","M_D21_SW3_2_S351_L001",20,1.62769735880257,3.51103233227706,"M_D21_SW3.2",NA,24341,21460,"SW3.2","Microbial Water","Water","","9/4/19",20,NA,NA,NA,"","N","C","SW",NA,NA,NA,"","mid",24341,FALSE,0.543338726618432,9200
"136","M_D21_SW3_3_S352_L001",24,1.48779838201346,3.01231297163038,"M_D21_SW3.3",NA,56820,52873,"SW3.3","Microbial Water","Water","","9/4/19",20,NA,NA,NA,"","D","C","SW",NA,NA,NA,"","mid",56820,FALSE,0.468147634192391,9200
"137","M_D21_SW3_4_S353_L001",18,1.44311260948752,2.81990232689918,"M_D21_SW3.4",NA,22278,20568,"SW3.4","Microbial Water","Water","","9/4/19",20,NA,NA,NA,"","D","C","SW",NA,NA,NA,"","mid",22278,FALSE,0.499282697993813,9200
"138","M_D21_SW3_5_S354_L001",21,1.55113890006205,3.31700175020437,"M_D21_SW3.5",NA,29791,27752,"SW3.5","Microbial Water","Water","","9/4/19",20,NA,NA,NA,"","N","H","SW",NA,NA,NA,"","mid",29791,FALSE,0.509485126745175,9200
"139","M_D21_SW3_6_S355_L001",17,1.5835132031058,3.70835537506045,"M_D21_SW3.6",NA,21398,20494,"SW3.6","Microbial Water","Water","","9/4/19",20,NA,NA,NA,"","N","H","SW",NA,NA,NA,"","mid",21398,FALSE,0.558910682256897,9200
"140","M_D21_SW3_7_S356_L001",16,1.43719680334243,2.91325246946678,"M_D21_SW3.7",NA,16982,16344,"SW3.7","Microbial Water","Water","","9/4/19",20,NA,NA,NA,"","D","H","SW",NA,NA,NA,"","mid",16982,FALSE,0.518359175240899,9200
"141","M_D21_SW3_8_S357_L001",15,1.29172702689568,2.60153037852267,"M_D21_SW3.8",NA,13400,12941,"SW3.8","Microbial Water","Water","","9/4/19",20,NA,NA,NA,"","D","H","SW",NA,NA,NA,"","mid",13400,FALSE,0.476995229397863,9200
"142","M_D5_OL1_1_S358_L001",14,0.998173137200632,1.71738958406464,"M_D5_OL1.1",NA,17327,16407,"OL1.1","Microbial Water","Water","","8/19/19",4,NA,NA,NA,"","N","C","OL",NA,NA,NA,"","early",17327,FALSE,0.378230941025504,9200
"143","M_D5_OL1_2_S359_L001",18,1.11642624460776,1.87598556289031,"M_D5_OL1.2",NA,12124,11294,"OL1.2","Microbial Water","Water","","8/19/19",4,NA,NA,NA,"","N","C","OL",NA,NA,NA,"","early",12124,FALSE,0.386256972501138,9200
"144","M_D5_OL1_3_S360_L001",21,1.1489955784038,1.8754290564673,"M_D5_OL1.3",NA,17174,15884,"OL1.3","Microbial Water","Water","","8/19/19",4,NA,NA,NA,"","D","C","OL",NA,NA,NA,"","early",17174,FALSE,0.377397638515345,9200
"145","M_D5_OL1_4_S361_L001",18,1.22033433243419,2.07794442195902,"M_D5_OL1.4",NA,16643,15310,"OL1.4","Microbial Water","Water","","8/19/19",4,NA,NA,NA,"","D","C","OL",NA,NA,NA,"","early",16643,FALSE,0.422206703722583,9200
"146","M_D5_OL1_5_S362_L001",21,1.40989577852821,2.40843041701927,"M_D5_OL1.5",NA,21221,18903,"OL1.5","Microbial Water","Water","","8/19/19",4,NA,NA,NA,"","N","H","OL",NA,NA,NA,"","early",21221,FALSE,0.463092589188628,9200
"147","M_D5_OL1_6_S363_L001",24,1.56980958499295,2.89959733143864,"M_D5_OL1.6",NA,26922,23373,"OL1.6","Microbial Water","Water","","8/19/19",4,NA,NA,NA,"","N","H","OL",NA,NA,NA,"","early",26922,FALSE,0.49395311369571,9200
"148","M_D5_OL1_7_S364_L001",24,1.52632829652704,2.82508259461406,"M_D5_OL1.7",NA,29553,25988,"OL1.7","Microbial Water","Water","","8/19/19",4,NA,NA,NA,"","D","H","OL",NA,NA,NA,"","early",29553,FALSE,0.480271379279921,9200
"149","M_D5_OL1_8_S365_L001",23,1.5243027495412,2.73953625969147,"M_D5_OL1.8",NA,25927,22627,"OL1.8","Microbial Water","Water","","8/19/19",4,NA,NA,NA,"","D","H","OL",NA,NA,NA,"","early",25927,FALSE,0.48614433469446,9200
"150","M_D5_OL2_1_S366_L001",21,1.06620064518341,1.74422577601355,"M_D5_OL2.1",NA,29777,27805,"OL2.1","Microbial Water","Water","","8/19/19",4,NA,NA,NA,"","N","C","OL",NA,NA,NA,"","early",29777,FALSE,0.350202919174632,9200
"151","M_D5_OL2_2_S367_L001",21,1.09582201578655,1.77084481432449,"M_D5_OL2.2",NA,31209,29193,"OL2.2","Microbial Water","Water","","8/19/19",4,NA,NA,NA,"","N","C","OL",NA,NA,NA,"","early",31209,FALSE,0.359932317203076,9200
"152","M_D5_OL2_3_S368_L001",24,1.11458577190573,1.75636838133513,"M_D5_OL2.3",NA,29723,27667,"OL2.3","Microbial Water","Water","","8/19/19",4,NA,NA,NA,"","D","C","OL",NA,NA,NA,"","early",29723,FALSE,0.350713308019611,9200
"153","M_D5_OL2_4_S369_L001",19,1.07805410296052,1.72424688363358,"M_D5_OL2.4",NA,16381,15284,"OL2.4","Microbial Water","Water","","8/19/19",4,NA,NA,NA,"","D","C","OL",NA,NA,NA,"","early",16381,FALSE,0.366132261727398,9200
"154","M_D5_OL2_5_S370_L001",17,1.5257409491689,2.56642037844513,"M_D5_OL2.5",NA,15411,13702,"OL2.5","Microbial Water","Water","","8/19/19",4,NA,NA,NA,"","N","H","OL",NA,NA,NA,"","early",15411,FALSE,0.538519611440398,9200
"155","M_D5_OL2_6_S371_L001",17,1.43360084684718,2.37645134381529,"M_D5_OL2.6",NA,14493,12954,"OL2.6","Microbial Water","Water","","8/19/19",4,NA,NA,NA,"","N","H","OL",NA,NA,NA,"","early",14493,FALSE,0.505998198072418,9200
"156","M_D5_OL2_7_S372_L001",24,1.5764795584735,2.5791923897735,"M_D5_OL2.7",NA,17921,15554,"OL2.7","Microbial Water","Water","","8/19/19",4,NA,NA,NA,"","D","H","OL",NA,NA,NA,"","early",17921,FALSE,0.496051874080718,9200
"157","M_D5_OL2_8_S373_L001",20,1.48332638998171,2.50636036321378,"M_D5_OL2.8",NA,16893,14879,"OL2.8","Microbial Water","Water","","8/19/19",4,NA,NA,NA,"","D","H","OL",NA,NA,NA,"","early",16893,FALSE,0.495146513283699,9200
"158","M_D5_OL3_1_S374_L001",22,1.55074970447792,2.73054983285706,"M_D5_OL3.1",NA,21186,18667,"OL3.1","Microbial Water","Water","","8/19/19",4,NA,NA,NA,"","N","C","OL",NA,NA,NA,"","early",21186,FALSE,0.501691493364344,9200
"159","M_D5_OL3_2_S375_L001",20,1.49399282158648,2.53078927615121,"M_D5_OL3.2",NA,18826,16606,"OL3.2","Microbial Water","Water","","8/19/19",4,NA,NA,NA,"","N","C","OL",NA,NA,NA,"","early",18826,FALSE,0.498707055625527,9200
"160","M_D5_OL3_3_S376_L001",25,1.54529769823452,2.68001336966972,"M_D5_OL3.3",NA,36228,31784,"OL3.3","Microbial Water","Water","","8/19/19",4,NA,NA,NA,"","D","C","OL",NA,NA,NA,"","early",36228,FALSE,0.480073722103834,9200
"161","M_D5_OL3_4_S377_L001",25,1.53494033468804,2.60971598742107,"M_D5_OL3.4",NA,32058,27972,"OL3.4","Microbial Water","Water","","8/19/19",4,NA,NA,NA,"","D","C","OL",NA,NA,NA,"","early",32058,FALSE,0.476856026203149,9200
"162","M_D5_OL3_5_S378_L001",26,1.82795756196752,3.71887518085799,"M_D5_OL3.5",NA,31291,25635,"OL3.5","Microbial Water","Water","","8/19/19",4,NA,NA,NA,"","N","H","OL",NA,NA,NA,"","early",31291,FALSE,0.561050767107585,9200
"163","M_D5_OL3_6_S468_L001",32,1.75963045165127,3.25838809727459,"M_D5_OL3.6",NA,62207,51816,"OL3.6","Microbial Water","Water","","8/19/19",4,NA,NA,NA,"","N","H","OL",NA,NA,NA,"","early",62207,FALSE,0.507722025278898,9200
"164","M_D5_OL3_7_S380_L001",26,1.52339795858049,2.5434867416847,"M_D5_OL3.7",NA,66217,55956,"OL3.7","Microbial Water","Water","","8/19/19",4,NA,NA,NA,"","D","H","OL",NA,NA,NA,"","early",66217,FALSE,0.46757299570552,9200
"165","M_D5_OL3_8_S381_L001",31,1.74261571885229,3.11014422926408,"M_D5_OL3.8",NA,63529,53442,"OL3.8","Microbial Water","Water","","8/19/19",4,NA,NA,NA,"","D","H","OL",NA,NA,NA,"","early",63529,FALSE,0.507461331415635,9200
"166","M_D5_SG1_1_S382_L001",26,1.02096129262,1.63441086787449,"M_D5_SG1.1",NA,63990,56850,"SG1.1","Microbial Water","Water","","8/19/19",4,NA,NA,NA,"","N","C","SG",NA,NA,NA,"","early",63990,FALSE,0.313361277268964,9200
"167","M_D5_SG1_2_S383_L001",22,1.14368954437421,1.77469753505332,"M_D5_SG1.2",NA,47874,41957,"SG1.2","Microbial Water","Water","","8/19/19",4,NA,NA,NA,"","N","C","SG",NA,NA,NA,"","early",47874,FALSE,0.370001241209622,9200
"168","M_D5_SG1_3_S384_L001",24,0.98650748118176,1.59379936724809,"M_D5_SG1.3",NA,47327,42600,"SG1.3","Microbial Water","Water","","8/19/19",4,NA,NA,NA,"","D","C","SG",NA,NA,NA,"","early",47327,FALSE,0.310412451721673,9200
"169","M_D5_SG1_4_S385_L001",23,1.02879129974821,1.61503533786619,"M_D5_SG1.4",NA,20040,17861,"SG1.4","Microbial Water","Water","","8/19/19",4,NA,NA,NA,"","D","C","SG",NA,NA,NA,"","early",20040,FALSE,0.328111369021724,9200
"170","M_D5_SG1_5_S386_L001",21,1.28725140061173,1.94389939420341,"M_D5_SG1.5",NA,22814,19321,"SG1.5","Microbial Water","Water","","8/19/19",4,NA,NA,NA,"","N","H","SG",NA,NA,NA,"","early",22814,FALSE,0.422808971503026,9200
"171","M_D5_SG1_7_S388_L001",21,1.17354721739222,1.79201536051881,"M_D5_SG1.7",NA,17252,14863,"SG1.7","Microbial Water","Water","","8/19/19",4,NA,NA,NA,"","D","H","SG",NA,NA,NA,"","early",17252,FALSE,0.3854618388918,9200
"172","M_D5_SG1_8_S389_L001",18,1.19471426382581,1.82709932827764,"M_D5_SG1.8",NA,9237,8166,"SG1.8","Microbial Water","Water","","8/19/19",4,NA,NA,NA,"","D","H","SG",NA,NA,NA,"","early",9237,FALSE,0.413342768300302,9200
"173","M_D5_SG2_1_S390_L001",23,0.89246029146518,1.52170327498088,"M_D5_SG2.1",NA,33700,31733,"SG2.1","Microbial Water","Water","","8/19/19",4,NA,NA,NA,"","N","C","SG",NA,NA,NA,"","early",33700,FALSE,0.284631458393781,9200
"174","M_D5_SG2_2_S391_L001",17,0.768718168926744,1.39405496825939,"M_D5_SG2.2",NA,17077,16196,"SG2.2","Microbial Water","Water","","8/19/19",4,NA,NA,NA,"","N","C","SG",NA,NA,NA,"","early",17077,FALSE,0.2713237852488,9200
"175","M_D5_SG2_3_S392_L001",25,0.752752995791391,1.36529394404385,"M_D5_SG2.3",NA,43576,40783,"SG2.3","Microbial Water","Water","","8/19/19",4,NA,NA,NA,"","D","C","SG",NA,NA,NA,"","early",43576,FALSE,0.233855866689798,9200
"176","M_D5_SG2_5_S394_L001",15,0.824713435633323,1.44915491702338,"M_D5_SG2.5",NA,11257,10570,"SG2.5","Microbial Water","Water","","8/19/19",4,NA,NA,NA,"","N","H","SG",NA,NA,NA,"","early",11257,FALSE,0.304541413337779,9200
"177","M_D5_SG2_6_S395_L001",21,0.856637158502797,1.47697310973617,"M_D5_SG2.6",NA,36265,33736,"SG2.6","Microbial Water","Water","","8/19/19",4,NA,NA,NA,"","N","H","SG",NA,NA,NA,"","early",36265,FALSE,0.281369960650826,9200
"178","M_D5_SG2_7_S396_L001",23,0.788716208376221,1.40482325749966,"M_D5_SG2.7",NA,35264,33326,"SG2.7","Microbial Water","Water","","8/19/19",4,NA,NA,NA,"","D","H","SG",NA,NA,NA,"","early",35264,FALSE,0.251544462869468,9200
"179","M_D5_SG2_8_S397_L001",17,0.710221867527013,1.36881363835193,"M_D5_SG2.8",NA,29466,27999,"SG2.8","Microbial Water","Water","","8/19/19",4,NA,NA,NA,"","D","H","SG",NA,NA,NA,"","early",29466,FALSE,0.250677157446326,9200
"180","M_D5_SG3_1_S398_L001",25,0.952514709471943,1.57213586805322,"M_D5_SG3.1",NA,29167,26678,"SG3.1","Microbial Water","Water","","8/19/19",4,NA,NA,NA,"","N","C","SG",NA,NA,NA,"","early",29167,FALSE,0.295915332338409,9200
"181","M_D5_SG3_2_S399_L001",23,0.897979987159899,1.52163953351825,"M_D5_SG3.2",NA,34789,31803,"SG3.2","Microbial Water","Water","","8/19/19",4,NA,NA,NA,"","N","C","SG",NA,NA,NA,"","early",34789,FALSE,0.286391849360755,9200
"182","M_D5_SG3_3_S400_L001",22,0.834743396529315,1.45904238414697,"M_D5_SG3.3",NA,34190,31523,"SG3.3","Microbial Water","Water","","8/19/19",4,NA,NA,NA,"","D","C","SG",NA,NA,NA,"","early",34190,FALSE,0.270052388191043,9200
"183","M_D5_SG3_4_S401_L001",20,1.03471006903113,1.68898256161424,"M_D5_SG3.4",NA,22398,20054,"SG3.4","Microbial Water","Water","","8/19/19",4,NA,NA,NA,"","D","C","SG",NA,NA,NA,"","early",22398,FALSE,0.345394706384625,9200
"184","M_D5_SG3_5_S402_L001",22,1.12715598341702,1.80403776219346,"M_D5_SG3.5",NA,36986,32939,"SG3.5","Microbial Water","Water","","8/19/19",4,NA,NA,NA,"","N","H","SG",NA,NA,NA,"","early",36986,FALSE,0.364652378744394,9200
"185","M_D5_SG3_6_S403_L001",24,1.11895742460179,1.73223573223287,"M_D5_SG3.6",NA,34285,30346,"SG3.6","Microbial Water","Water","","8/19/19",4,NA,NA,NA,"","N","H","SG",NA,NA,NA,"","early",34285,FALSE,0.352088883428159,9200
"186","M_D5_SG3_7_S404_L001",24,1.38719262726474,2.47642698399574,"M_D5_SG3.7",NA,29772,27009,"SG3.7","Microbial Water","Water","","8/19/19",4,NA,NA,NA,"","D","H","SG",NA,NA,NA,"","early",29772,FALSE,0.436491230582104,9200
"187","M_D5_SG3_8_S405_L001",21,1.40771191347794,2.65001083924566,"M_D5_SG3.8",NA,16084,14469,"SG3.8","Microbial Water","Water","","8/19/19",4,NA,NA,NA,"","D","H","SG",NA,NA,NA,"","early",16084,FALSE,0.462375279628608,9200
"188","M_D5_SW1_1_S406_L001",20,1.47326970912765,2.44131752230269,"M_D5_SW1.1",NA,52361,47903,"SW1.1","Microbial Water","Water","","8/19/19",4,NA,NA,NA,"","N","C","SW",NA,NA,NA,"","early",52361,FALSE,0.491789510742838,9200
"189","M_D5_SW1_2_S407_L001",22,1.5510455604106,2.70009251900193,"M_D5_SW1.2",NA,55626,50825,"SW1.2","Microbial Water","Water","","8/19/19",4,NA,NA,NA,"","N","C","SW",NA,NA,NA,"","early",55626,FALSE,0.501787207330472,9200
"190","M_D5_SW1_3_S408_L001",21,1.54780771527309,2.67879144728734,"M_D5_SW1.3",NA,51263,46788,"SW1.3","Microbial Water","Water","","8/19/19",4,NA,NA,NA,"","D","C","SW",NA,NA,NA,"","early",51263,FALSE,0.508390969990842,9200
"191","M_D5_SW1_4_S409_L001",21,1.58437468599089,2.845831770995,"M_D5_SW1.4",NA,42549,38936,"SW1.4","Microbial Water","Water","","8/19/19",4,NA,NA,NA,"","D","C","SW",NA,NA,NA,"","early",42549,FALSE,0.520401711072831,9200
"192","M_D5_SW1_5_S410_L001",22,1.68694777164027,3.42284964041072,"M_D5_SW1.5",NA,44771,41455,"SW1.5","Microbial Water","Water","","8/19/19",4,NA,NA,NA,"","N","H","SW",NA,NA,NA,"","early",44771,FALSE,0.545753672780344,9200
"193","M_D5_SW1_6_S411_L001",22,1.67566607169437,3.18636500805024,"M_D5_SW1.6",NA,42813,39183,"SW1.6","Microbial Water","Water","","8/19/19",4,NA,NA,NA,"","N","H","SW",NA,NA,NA,"","early",42813,FALSE,0.54210386851006,9200
"194","M_D5_SW1_7_S412_L001",20,1.71411325296091,3.61411438057137,"M_D5_SW1.7",NA,44578,40681,"SW1.7","Microbial Water","Water","","8/19/19",4,NA,NA,NA,"","D","H","SW",NA,NA,NA,"","early",44578,FALSE,0.572185060758909,9200
"195","M_D5_SW1_8_S413_L001",18,1.69430968399562,3.33959981777401,"M_D5_SW1.8",NA,36076,32938,"SW1.8","Microbial Water","Water","","8/19/19",4,NA,NA,NA,"","D","H","SW",NA,NA,NA,"","early",36076,FALSE,0.58619092141589,9200
"196","M_D5_SW2_1_S414_L001",21,1.49273923770842,2.53104900976894,"M_D5_SW2.1",NA,64191,59056,"SW2.1","Microbial Water","Water","","8/19/19",4,NA,NA,NA,"","N","C","SW",NA,NA,NA,"","early",64191,FALSE,0.4903032473049,9200
"197","M_D5_SW2_2_S415_L001",18,1.56826414827579,2.79639951668278,"M_D5_SW2.2",NA,49930,45533,"SW2.2","Microbial Water","Water","","8/19/19",4,NA,NA,NA,"","N","C","SW",NA,NA,NA,"","early",49930,FALSE,0.542582158849108,9200
"198","M_D5_SW2_3_S416_L001",25,1.56383067944238,2.76155235262466,"M_D5_SW2.3",NA,68034,62016,"SW2.3","Microbial Water","Water","","8/19/19",4,NA,NA,NA,"","D","C","SW",NA,NA,NA,"","early",68034,FALSE,0.485831316436823,9200
"199","M_D5_SW2_4_S417_L001",20,1.5179103799695,2.6761520828393,"M_D5_SW2.4",NA,56080,51470,"SW2.4","Microbial Water","Water","","8/19/19",4,NA,NA,NA,"","D","C","SW",NA,NA,NA,"","early",56080,FALSE,0.506690932754388,9200
"200","M_D5_SW2_5_S418_L001",23,1.64411905509107,3.14714275579347,"M_D5_SW2.5",NA,49562,45652,"SW2.5","Microbial Water","Water","","8/19/19",4,NA,NA,NA,"","N","H","SW",NA,NA,NA,"","early",49562,FALSE,0.524357227877668,9200
"201","M_D5_SW2_6_S419_L001",21,1.65619057138572,3.0656510031604,"M_D5_SW2.6",NA,53283,48105,"SW2.6","Microbial Water","Water","","8/19/19",4,NA,NA,NA,"","N","H","SW",NA,NA,NA,"","early",53283,FALSE,0.543990266212048,9200
"202","M_D5_SW2_7_S420_L001",22,1.70267789384041,3.39163385228858,"M_D5_SW2.7",NA,56701,51912,"SW2.7","Microbial Water","Water","","8/19/19",4,NA,NA,NA,"","D","H","SW",NA,NA,NA,"","early",56701,FALSE,0.550842610392007,9200
"203","M_D5_SW2_8_S421_L001",23,1.72287065842923,3.46066826223753,"M_D5_SW2.8",NA,44369,40749,"SW2.8","Microbial Water","Water","","8/19/19",4,NA,NA,NA,"","D","H","SW",NA,NA,NA,"","early",44369,FALSE,0.549473397104861,9200
"204","M_D5_SW3_1_S422_L001",20,1.54018720348216,2.69308126296348,"M_D5_SW3.1",NA,44526,40662,"SW3.1","Microbial Water","Water","","8/19/19",4,NA,NA,NA,"","N","C","SW",NA,NA,NA,"","early",44526,FALSE,0.514127119128359,9200
"205","M_D5_SW3_2_S423_L001",20,1.55855852196185,2.74089287823804,"M_D5_SW3.2",NA,47849,43372,"SW3.2","Microbial Water","Water","","8/19/19",4,NA,NA,NA,"","N","C","SW",NA,NA,NA,"","early",47849,FALSE,0.520259615894463,9200
"206","M_D5_SW3_3_S424_L001",20,1.53710406575897,2.69792038278849,"M_D5_SW3.3",NA,45819,42145,"SW3.3","Microbial Water","Water","","8/19/19",4,NA,NA,NA,"","D","C","SW",NA,NA,NA,"","early",45819,FALSE,0.513097942472483,9200
"207","M_D5_SW3_4_S425_L001",19,1.62225074398917,2.96438299436025,"M_D5_SW3.4",NA,37502,33678,"SW3.4","Microbial Water","Water","","8/19/19",4,NA,NA,NA,"","D","C","SW",NA,NA,NA,"","early",37502,FALSE,0.550954105507878,9200
"208","M_D5_SW3_5_S426_L001",22,1.62589209537784,2.98649338606743,"M_D5_SW3.5",NA,33156,29877,"SW3.5","Microbial Water","Water","","8/19/19",4,NA,NA,NA,"","N","H","SW",NA,NA,NA,"","early",33156,FALSE,0.526001218007006,9200
"209","M_D5_SW3_6_S427_L001",20,1.6840744480532,3.27291788827502,"M_D5_SW3.6",NA,37989,34268,"SW3.6","Microbial Water","Water","","8/19/19",4,NA,NA,NA,"","N","H","SW",NA,NA,NA,"","early",37989,FALSE,0.562157861341627,9200
"210","M_D5_SW3_7_S428_L001",22,1.6875507734661,3.30200666346817,"M_D5_SW3.7",NA,44036,40418,"SW3.7","Microbial Water","Water","","8/19/19",4,NA,NA,NA,"","D","H","SW",NA,NA,NA,"","early",44036,FALSE,0.545948753189277,9200
"211","M_D5_SW3_8_S429_L001",20,1.70661757257187,3.43209639454705,"M_D5_SW3.8",NA,43600,39943,"SW3.8","Microbial Water","Water","","8/19/19",4,NA,NA,NA,"","D","H","SW",NA,NA,NA,"","early",43600,FALSE,0.569682941175255,9200
"212","OL1_1_1_S1_L001",14,0.279004639914061,1.136496415189,"OL1.1_1",28.64908028,47263,46749,"OL1.1","A.albopictus","Adult","M","8/29/19",14,2.56,2.5,6.92,"","N","C","OL",21.64093399,21.48554802,23.39183235,"","mid",47263,FALSE,0.105721325862495,9200
"213","OL1_1_2_S2_L001",11,0.718120682389813,1.97786335329065,"OL1.1_2",27.96472877,51746,51500,"OL1.1","A.albopictus","Adult","F","8/30/19",15,2.88,2.71,7.41,"","N","C","OL",21.3106842,20.71905899,23.19894028,"","mid",51746,FALSE,0.299479585508235,9200
"214","OL1_1_4_S4_L001",14,0.749680108639938,1.96360154590007,"OL1.1_4",28.13919224,73724,73364,"OL1.1","A.albopictus","Adult","F","8/31/19",16,2.85,2.78,7.82,"","N","C","OL",21.39477539,21.3096447,23.15345383,"","mid",73724,FALSE,0.284071172015514,9200
"215","OL1_1_5_S5_L001",11,0.313595491689735,1.14441466556577,"OL1.1_5",32.15191463,60209,58692,"OL1.1","A.albopictus","Adult","M","8/31/19",16,2.61,2.41,7.31,"","N","C","OL",27.97010422,28.59294701,25.02994919,"","mid",60209,FALSE,0.130779477839233,9200
"216","OL1_1_6_S462_L001",16,0.480760504677989,1.34704406903053,"OL1.1_6",28.39961614,34042,33647,"OL1.1","A.albopictus","Adult","M","9/2/19",18,2.6,2.54,6.91,"","N","C","OL",24.02267265,24.72494507,23.1812439,"","mid",34042,FALSE,0.173397698988552,9200
"217","OL1_1_7_S6_L001",9,0.107351205294649,1.0386616520645,"OL1.1_7",28.34080196,66369,66200,"OL1.1","A.albopictus","Adult","M","9/5/19",21,2.14,2.33,5.97,"","N","C","OL",23.28539848,23.56788635,23.95807076,"","late",66369,FALSE,0.0488576390424303,9200
"218","OL1_1_8_S7_L001",10,0.331886950054512,1.20773722354854,"OL1.1_8",25.15219244,82795,82641,"OL1.1","A.albopictus","Adult","M","9/7/19",23,2.35,2.62,6.05,"","N","C","OL",21.84471512,21.69595718,23.34496498,"","late",82795,FALSE,0.144136671024375,9200
"219","OL1_2_1_S8_L001",14,1.48239552016202,4.05828899774071,"OL1.2_1",27.41491402,61206,61026,"OL1.2","A.albopictus","Adult","F","9/4/19",20,2.24,2.7,7.07,"","N","C","OL",24.3219738,24.42866516,23.37666893,"","mid",61206,FALSE,0.561714027022725,9200
"220","OL1_3_1_S9_L001",14,0.715577949318305,1.95434300086597,"OL1.3_1",29.10323895,45797,45478,"OL1.3","A.albopictus","Adult","M","8/31/19",16,2.21,2.31,5.98,"","D","C","OL",25.50611877,25.36514854,23.534235,"","mid",45797,FALSE,0.271149073302863,9200
"221","OL1_3_2_S10_L001",14,0.325049931698141,1.18706177834701,"OL1.3_2",28.40578902,42557,42211,"OL1.3","A.albopictus","Adult","M","8/31/19",16,2.5,2.48,6.92,"","D","C","OL",25.60328102,25.01073456,23.71788788,"","mid",42557,FALSE,0.123168954327161,9200
"222","OL1_3_3_S11_L001",38,0.825021743458845,1.99916131592621,"OL1.3_3",NA,58920,57545,"OL1.3","A.albopictus","Adult","F","9/3/19",19,2.51,2.64,6.99,"","D","C","OL",25.36527252,25.52601814,23.78507042,"","mid",58920,FALSE,0.22680472907916,9200
"223","OL1_3_4_S12_L001",9,0.580739727644759,1.57046609370383,"OL1.3_4",26.94695672,50631,50395,"OL1.3","A.albopictus","Adult","F","9/3/19",19,2.57,2.86,7.11,"","D","C","OL",20.80209351,20.25452995,22.60593605,"","mid",50631,FALSE,0.264306040281423,9200
"224","OL1_4_1_S13_L001",22,0.733435130728252,1.66259627844795,"OL1.4_1",27.56954199,43353,41983,"OL1.4","A.albopictus","Adult","M","8/30/19",15,2.97,2.41,7.29,"","D","C","OL",20.44104195,20.35607338,23.27729607,"","mid",43353,FALSE,0.237277598672706,9200
"225","OL1_4_2_S14_L001",11,0.66436730254695,1.73474865103002,"OL1.4_2",27.12844311,45006,44817,"OL1.4","A.albopictus","Adult","F","9/2/19",18,2.91,2.95,7.01,"","D","C","OL",20.28046608,20.16711044,22.61404037,"","mid",45006,FALSE,0.27706268496523,9200
"226","OL1_4_3_S15_L001",18,0.974171275550741,2.27393465328649,"OL1.4_3",27.19070286,49560,48760,"OL1.4","A.albopictus","Adult","F","9/3/19",19,2.54,2.17,6.43,"","D","C","OL",19.84744835,19.86358833,23.31805229,"","mid",49560,FALSE,0.337040130872237,9200
"227","OL1_4_4_S16_L001",62,0.944140106476339,1.67427468636329,"OL1.4_4",28.37336742,49021,47291,"OL1.4","A.albopictus","Adult","M","9/3/19",19,2.53,2.42,7.12,"","D","C","OL",25.24251366,25.17086601,23.57708549,"","mid",49021,FALSE,0.228764081416269,9200
"228","OL1_4_5_S17_L001",6,0.176000323163943,1.08060051667106,"OL1.4_5",27.00019151,56036,55898,"OL1.4","A.albopictus","Adult","M","9/5/19",21,2.44,2.31,6.75,"","D","C","OL",23.11450005,22.82937241,23.14491653,"","late",56036,FALSE,0.0982276506342503,9200
"229","OL1_5_1_S18_L001",16,0.445093636656318,1.31364675976548,"OL1.5_1",30.21332177,26699,26453,"OL1.5","A.albopictus","Adult","M","8/24/19",9,2.18,2.65,7.69,"","N","H","OL",24.95443153,25.24487877,23.28533745,"","early",26699,FALSE,0.160533595583826,9200
"230","OL1_5_2_S19_L001",8,0.528395287737278,1.4724499294828,"OL1.5_2",29.01150377,43710,43525,"OL1.5","A.albopictus","Adult","M","8/26/19",11,2.31,2.6,7.32,"","N","H","OL",24.75453377,24.7155056,23.88456726,"","early",43710,FALSE,0.254104420415889,9200
"231","OL1_5_3_S20_L001",13,0.131413385331195,1.04403436984829,"OL1.5_3",30.09089708,49584,48989,"OL1.5","A.albopictus","Adult","M","8/26/19",11,2.4,2.48,6.92,"","N","H","OL",26.58118629,25.8832016,24.10007477,"","early",49584,FALSE,0.0512343001817594,9200
"232","OL1_5_4_S21_L001",8,0.275904007098293,1.15377478741454,"OL1.5_4",27.65503346,57151,57025,"OL1.5","A.albopictus","Adult","M","8/26/19",11,2.51,2.69,7.41,"","N","H","OL",24.10000229,23.5989666,23.86557961,"","early",57151,FALSE,0.132681780934034,9200
"233","OL1_6_1_S22_L001",8,0.735092243215717,1.90943046138057,"OL1.6_1",27.53781747,36187,35963,"OL1.6","A.albopictus","Adult","F","8/27/19",12,2.8,2.28,6.91,"","N","H","OL",24.61274338,24.51101875,23.64982986,"","early",36187,FALSE,0.353504644627753,9200
"234","OL1_6_2_S23_L001",81,0.473026103931517,1.16191244418661,"OL1.6_2",28.69459292,50426,48291,"OL1.6","A.albopictus","Adult","M","8/30/19",15,2.7,2.4,6.91,"","N","H","OL",25.1973114,24.87471581,23.66290283,"","mid",50426,FALSE,0.107641728754232,9200
"235","OL1_6_3_S24_L001",10,0.415992515771494,1.28484434408302,"OL1.6_3",28.34357659,66455,65982,"OL1.6","A.albopictus","Adult","M","9/1/19",17,2.42,2.27,6.84,"","N","H","OL",21.03888702,20.92921448,23.33987999,"","mid",66455,FALSE,0.180663254112611,9200
"236","OL1_6_4_S25_L001",12,0.701820164173869,1.8840857218045,"OL1.6_4",27.51340267,49646,49278,"OL1.6","A.albopictus","Adult","F","9/4/19",20,2.33,2.74,6.35,"","N","H","OL",22.61651421,20.3595314,23.25758743,"","mid",49646,FALSE,0.282433211015691,9200
"237","OL1_7_1_S26_L001",15,0.758772696630366,2.04254093443641,"OL1.7_1",26.83936009,67819,67481,"OL1.7","A.albopictus","Adult","F","8/26/19",11,2.29,2.71,7.8,"","D","H","OL",20.13662529,20.33398819,23.03606987,"","early",67819,FALSE,0.28019151798646,9200
"238","OL1_7_2_S27_L001",13,0.555973285049778,1.48949621837957,"OL1.7_2",28.46153293,41144,40782,"OL1.7","A.albopictus","Adult","M","8/28/19",13,2.76,2.3,6.57,"","D","H","OL",23.07793427,20.60719299,23.37525749,"","mid",41144,FALSE,0.216757996968802,9200
"239","OL1_7_3_S28_L001",11,0.725545576380145,1.98916777817057,"OL1.7_3",26.84866514,41689,41523,"OL1.7","A.albopictus","Adult","F","9/1/19",17,2.72,2.9,8.24,"","D","H","OL",24.6217308,24.5080471,22.90132523,"","mid",41689,FALSE,0.302576006805095,9200
"240","OL1_8_1_S29_L001",11,0.730670386074983,1.96729685091651,"OL1.8_1",29.29926453,43508,43195,"OL1.8","A.albopictus","Adult","M","8/27/19",12,2.57,2.33,5.83,"","D","H","OL",24.62662315,24.34645462,22.28561783,"","early",43508,FALSE,0.304713218447728,9200
"241","OL2_1_1_S30_L001",34,0.65605516554765,1.29869348734676,"OL2.1_1",29.7931032,30454,27155,"OL2.1","A.albopictus","Adult","M","8/29/19",14,2.35,2.24,5.95,"","N","C","OL",25.10674858,25.28806686,23.17961693,"","mid",30454,FALSE,0.186043134548491,9200
"242","OL2_1_2_S31_L001",7,0.690194919860844,1.81991838749726,"OL2.1_2",30.19182173,16202,16054,"OL2.1","A.albopictus","Adult","F","8/29/19",14,2.92,2.74,7,"","N","C","OL",25.6781559,25.96525764,22.60851288,"","mid",16202,FALSE,0.354690025228511,9200
"243","OL2_1_3_S32_L001",16,0.625337005963432,1.61162981320175,"OL2.1_3",28.26624527,20923,20702,"OL2.1","A.albopictus","Adult","M","8/29/19",14,2.16,2.04,5.94,"","N","C","OL",24.40324593,24.43476295,22.69040489,"","mid",20923,FALSE,0.225542649346949,9200
"244","OL2_1_4_S33_L001",57,0.690452897240319,1.59374576802503,"OL2.1_4",28.46084672,47266,46191,"OL2.1","A.albopictus","Adult","M","8/31/19",16,2.41,2.17,6.6,"","N","C","OL",24.67560768,24.06527519,23.30807304,"","mid",47266,FALSE,0.170775202069135,9200
"245","OL2_1_5_S34_L001",12,0.539556038635713,1.4867811907424,"OL2.1_5",26.25976609,43058,42925,"OL2.1","A.albopictus","Adult","F","9/10/19",26,2.65,2.82,5.8,"","N","C","OL",23.20742035,22.77775574,22.88536644,"","late",43058,FALSE,0.217133323170005,9200
"246","OL2_2_1_S35_L001",12,0.395412561382725,1.24859632488417,"OL2.2_1",30.13726722,45163,44508,"OL2.2","A.albopictus","Adult","M","8/30/19",15,2.2,2.28,6.79,"","N","C","OL",25.71555901,25.69972801,25.53823471,"","mid",45163,FALSE,0.159125720644862,9200
"247","OL2_2_2_S36_L001",18,1.22448933943517,2.71041328358692,"OL2.2_2",27.8862133,41705,40730,"OL2.2","A.albopictus","Adult","F","9/1/19",17,2.55,2.15,6.92,"","N","C","OL",21.34311867,20.81584358,23.03512192,"","mid",41705,FALSE,0.423644237489521,9200
"248","OL2_3_1_S37_L001",11,0.308618070276903,1.14370817540008,"OL2.3_1",28.66491126,56235,55808,"OL2.3","A.albopictus","Adult","M","9/4/19",20,2.31,2.03,5.45,"","D","C","OL",20.94627571,20.84897804,23.37038231,"","mid",56235,FALSE,0.128703731884313,9200
"249","OL2_3_2_S38_L001",10,0.41404968335027,1.26403698586558,"OL2.3_2",26.59982736,42832,42649,"OL2.3","A.albopictus","Adult","F","9/4/19",20,2.35,2.6,7.06,"","D","C","OL",19.93500519,19.50575447,23.30161476,"","mid",42832,FALSE,0.179819492712811,9200
"250","OL2_3_3_S39_L001",16,0.859353619391194,2.12403853001878,"OL2.3_3",28.07617795,48146,47607,"OL2.3","A.albopictus","Adult","F","9/4/19",20,2.31,2.78,7.38,"","D","C","OL",21.16430855,21.16604233,23.33319855,"","mid",48146,FALSE,0.309946301266414,9200
"251","OL2_3_4_S40_L001",7,0.254649560003493,1.13833779119539,"OL2.3_4",28.63576391,52116,51844,"OL2.3","A.albopictus","Adult","M","9/5/19",21,1.96,1.85,5.76,"","D","C","OL",24.40167046,24.1094799,24.41600227,"","late",52116,FALSE,0.130863986770982,9200
"252","OL2_4_1_S41_L001",9,0.56941617899091,1.52383953696018,"OL2.4_1",28.37259563,30768,30564,"OL2.4","A.albopictus","Adult","M","8/30/19",15,2.23,2.24,6.58,"","D","C","OL",24.13054848,25.99279976,21.67697525,"","mid",30768,FALSE,0.259152471196748,9200
"253","OL2_4_2_S42_L001",7,0.438474547379128,1.27696132448649,"OL2.4_2",29.99130615,34793,34547,"OL2.4","A.albopictus","Adult","M","8/31/19",16,2.72,2.47,7.11,"","D","C","OL",25.14788437,24.00296021,22.95612526,"","mid",34793,FALSE,0.225331343069461,9200
"254","OL2_4_3_S43_L001",12,1.03509149387136,2.40026915683626,"OL2.4_3",28.22859641,42469,42209,"OL2.4","A.albopictus","Adult","F","9/1/19",17,2.71,2.64,7.1,"","D","C","OL",24.29014778,24.14382744,22.57348251,"","mid",42469,FALSE,0.416551460377665,9200
"255","OL2_4_4_S44_L001",12,0.702806789154791,1.85140060293013,"OL2.4_4",27.93981095,35753,35582,"OL2.4","A.albopictus","Adult","F","9/1/19",17,2.82,2.84,6.99,"","D","C","OL",24.61748314,26.60848045,22.2977047,"","mid",35753,FALSE,0.282830258116437,9200
"256","OL2_5_1_S45_L001",18,0.397057457970397,1.20965924339302,"OL2.5_1",27.58748004,45697,44559,"OL2.5","A.albopictus","Adult","M","8/25/19",10,2.56,2.41,6.83,"","N","H","OL",23.51140594,23.33215523,22.76675034,"","early",45697,FALSE,0.137372452829184,9200
"257","OL2_5_2_S46_L001",11,0.639289295786446,1.69779484452079,"OL2.5_2",27.55639254,37611,37318,"OL2.5","A.albopictus","Adult","M","8/26/19",11,2.7,2.3,6.38,"","N","H","OL",25.2057972,25.03152084,22.76675034,"","early",37611,FALSE,0.266604343833744,9200
"258","OL2_5_3_S47_L001",7,0.470792351199242,1.3858744809029,"OL2.5_3",25.56388409,39076,38998,"OL2.5","A.albopictus","Adult","F","8/29/19",14,2.42,2.31,7,"","N","H","OL",23.20717049,22.77883911,24.95811081,"","mid",39076,FALSE,0.241939408881648,9200
"259","OL2_6_1_S48_L001",11,0.679860701400543,1.81483377889389,"OL2.6_1",27.16537929,40723,40574,"OL2.6","A.albopictus","Adult","F","8/26/19",11,2.51,2.34,8.01,"","N","H","OL",20.86472511,20.58048248,23.16298676,"","early",40723,FALSE,0.283523934140434,9200
"260","OL2_6_2_S49_L001",7,0.303204045540422,1.18397506535084,"OL2.6_2",28.24677196,44274,44085,"OL2.6","A.albopictus","Adult","F","8/26/19",11,2.53,2.29,6.94,"","N","H","OL",20.88964653,20.95249176,22.88038254,"","early",44274,FALSE,0.155816056403025,9200
"261","OL2_6_3_S50_L001",7,0.791124714936116,1.85637296743719,"OL2.6_3",23.3574178,60309,59908,"OL2.6","A.albopictus","Adult","F","8/27/19",12,2.41,2.42,6.82,"","N","H","OL",22.01608658,21.9900856,23.08376503,"","early",60309,FALSE,0.406557679613412,9200
"262","OL2_6_4_S51_L001",7,0.508778760359337,1.43970430269851,"OL2.6_4",23.3922353,42230,42166,"OL2.6","A.albopictus","Adult","M","8/28/19",13,2.99,2.29,7.01,"","N","H","OL",18.73077965,18.87846756,23.35840797,"","mid",42230,FALSE,0.2614605615816,9200
"263","OL2_6_5_S52_L001",15,0.278705815313038,1.12963573731848,"OL2.6_5",28.58357139,42005,41620,"OL2.6","A.albopictus","Adult","M","8/29/19",14,2.18,2.52,6,"","N","H","OL",25.95645905,25.04725075,23.423069,"","mid",42005,FALSE,0.10291752169129,9200
"264","OL2_6_6_S53_L001",11,0.540365570765349,1.48612156649995,"OL2.6_6",27.96190978,37860,37699,"OL2.6","A.albopictus","Adult","F","8/30/19",15,2.57,2.41,6.91,"","N","H","OL",23.20103264,22.89125061,21.80788231,"","mid",37860,FALSE,0.225349946219601,9200
"265","OL2_7_1_S54_L001",7,0.687391850888846,1.81517775981758,"OL2.7_1",27.28814086,32615,32585,"OL2.7","A.albopictus","Adult","F","8/26/19",11,2.41,2.35,7.41,"","D","H","OL",23.90813065,24.20987511,22.46909523,"","early",32615,FALSE,0.353249532730253,9200
"266","OL2_7_2_S55_L001",7,0.913000897186351,2.18734688054977,"OL2.7_2",27.23841515,32024,31909,"OL2.7","A.albopictus","Adult","F","8/26/19",11,2.61,2.41,7.42,"","D","H","OL",24.28785324,23.90933037,23.03100204,"","early",32024,FALSE,0.469189647646161,9200
"267","OL2_7_4_S57_L001",14,0.242762610404604,1.0903501435851,"OL2.7_4",28.94790904,40415,39279,"OL2.7","A.albopictus","Adult","M","8/27/19",12,2.18,2.17,5.98,"","D","H","OL",24.94829941,24.68060684,23.17082024,"","early",40415,FALSE,0.0919883807298706,9200
"268","OL2_7_5_S58_L001",9,0.0820149286818804,1.02496834514114,"OL2.7_5",26.58711782,18107,18047,"OL2.7","A.albopictus","Adult","M","8/27/19",12,2.53,1.97,6.46,"","D","H","OL",23.12162781,22.93842125,23.85005188,"","early",18107,FALSE,0.037326602627625,9200
"269","OL2_7_6_S59_L001",6,0.80632344227977,2.09163268834406,"OL2.7_6",26.53720181,17404,17357,"OL2.7","A.albopictus","Adult","F","8/27/19",12,3.06,2.87,7.94,"","D","H","OL",24.00279808,24.3485508,24.60417747,"","early",17404,FALSE,0.450017681573721,9200
"270","OL2_7_7_S60_L001",11,0.634529322876889,1.48067376114192,"OL2.7_7",27.4662942,47111,46899,"OL2.7","A.albopictus","Adult","M","8/28/19",13,2.37,2.01,5.88,"","D","H","OL",20.76139069,20.09075737,23.19689369,"","mid",47111,FALSE,0.264619280948157,9200
"271","OL2_8_1_S61_L001",10,0.293313947763205,1.15569714726864,"OL2.8_1",29.89840048,39463,38987,"OL2.8","A.albopictus","Adult","M","8/24/19",9,2.23,2.39,7.25,"","D","H","OL",22.14682961,22.1801033,23.97679329,"","early",39463,FALSE,0.127384628978818,9200
"272","OL2_8_2_S62_L001",10,0.454053193178426,1.33208904297586,"OL2.8_2",27.44247246,39720,39533,"OL2.8","A.albopictus","Adult","M","8/25/19",10,2.82,2.25,6.37,"","D","H","OL",20.4536953,20.52005386,23.17061996,"","early",39720,FALSE,0.197192796287941,9200
"273","OL2_8_3_S63_L001",6,0.715234531780391,1.98297982922477,"OL2.8_3",27.97992719,19078,18986,"OL2.8","A.albopictus","Adult","F","8/25/19",10,2.77,2.24,7.14,"","D","H","OL",20.84132385,20.41249084,23.04937172,"","early",19078,FALSE,0.399179992663042,9200
"274","OL2_8_4_S64_L001",8,0.758223772933845,1.97829124532733,"OL2.8_4",27.45738933,31727,31460,"OL2.8","A.albopictus","Adult","F","8/26/19",11,2.53,2.41,7.52,"","D","H","OL",24.96729469,24.26771927,22.72518158,"","early",31727,FALSE,0.364628559031926,9200
"275","OL2_8_5_S65_L001",15,0.431812264781391,1.25916985537845,"OL2.8_5",30.36599752,39690,39008,"OL2.8","A.albopictus","Adult","M","8/26/19",11,2.49,2.36,7.91,"","D","H","OL",25.04980659,25.3310585,21.98945618,"","early",39690,FALSE,0.159455044299267,9200
"276","OL2_8_6_S66_L001",9,0.626209116054225,1.66841794042873,"OL2.8_6",28.65037662,23961,23831,"OL2.8","A.albopictus","Adult","M","8/27/19",12,2.69,2.61,6.13,"","D","H","OL",24.29928398,23.81716156,22.57346344,"","early",23961,FALSE,0.285000050751937,9200
"277","OL2_8_7_S67_L001",5,0.414301102982332,1.31566225656595,"OL2.8_7",26.20592444,44165,44141,"OL2.8","A.albopictus","Adult","F","8/27/19",12,2.44,2.8,6.12,"","D","H","OL",21.88799286,21.76529121,22.36457443,"","early",44165,FALSE,0.257419748709502,9200
"278","OL2_8_8_S68_L001",15,1.036970551327,2.54332838149541,"OL2.8_8",26.19823578,44222,43908,"OL2.8","A.albopictus","Adult","F","8/30/19",15,2.41,2.21,6.21,"","D","H","OL",23.95362091,23.55234909,23.41036034,"","mid",44222,FALSE,0.382921465379386,9200
"279","OL3_1_1_S69_L001",12,0.37119104423915,1.22030206628397,"OL3.1_1",29.2976292,43860,43572,"OL3.1","A.albopictus","Adult","M","8/28/19",13,2.75,2.58,6.55,"","N","C","OL",24.77500534,23.88071823,23.50351524,"","mid",43860,FALSE,0.149378265083245,9200
"280","OL3_1_2_S70_L001",13,0.883816070309583,2.14866824455683,"OL3.1_2",27.24812743,24408,24128,"OL3.1","A.albopictus","Adult","F","9/2/19",18,2.33,2.37,7,"","N","C","OL",24.88629532,25.39679527,23.42039108,"","mid",24408,FALSE,0.34457447190469,9200
"281","OL3_1_3_S71_L001",20,0.238206361038259,1.08798612149273,"OL3.1_3",27.01903838,46979,46616,"OL3.1","A.albopictus","Adult","M","9/9/19",25,2.21,2.24,5.49,"","N","C","OL",23.44360161,24.01220512,25.34917068,"","late",46979,FALSE,0.0795152367723644,9200
"282","OL3_2_1_S72_L001",9,0.733797951146183,1.63827100161226,"OL3.2_1",25.5696132,45036,44931,"OL3.2","A.albopictus","Adult","F","8/30/19",15,2.55,2.54,6.91,"","N","C","OL",21.45275879,21.32028389,22.68870735,"","mid",45036,FALSE,0.33396583977583,9200
"283","OL3_2_2_S73_L001",8,0.705836060756249,1.90327803663019,"OL3.2_2",27.60295157,42319,42182,"OL3.2","A.albopictus","Adult","F","9/1/19",17,2.85,2.74,7.23,"","N","C","OL",21.23829269,19.80386734,22.55931282,"","mid",42319,FALSE,0.339435394844547,9200
"284","OL3_2_3_S74_L001",8,0.69554355381,1.89618562904569,"OL3.2_3",27.67562499,29788,29623,"OL3.2","A.albopictus","Adult","F","9/2/19",18,2.55,2.76,7.63,"","N","C","OL",20.74279976,20.50073051,23.15066528,"","mid",29788,FALSE,0.334485745267991,9200
"285","OL3_2_4_S75_L001",10,0.606915386139318,1.51137740050801,"OL3.2_4",27.4288441,32651,32527,"OL3.2","A.albopictus","Adult","M","9/3/19",19,2.19,2.49,6.85,"","N","C","OL",23.51911736,24.54657936,23.00582123,"","mid",32651,FALSE,0.263580003182487,9200
"286","OL3_2_5_S76_L001",14,0.365774634804071,1.19699848669636,"OL3.2_5",28.29260119,53387,53030,"OL3.2","A.albopictus","Adult","M","9/3/19",19,2.21,2.32,6.54,"","N","C","OL",24.87580299,24.43319321,23.52405357,"","mid",53387,FALSE,0.138600488401439,9200
"287","OL3_2_6_S77_L001",10,0.668509258376973,1.71878800589765,"OL3.2_6",28.3185711,13425,13339,"OL3.2","A.albopictus","Adult","F","9/4/19",20,2.23,2.77,6.42,"","N","C","OL",24.14127541,24.1366539,23.37375641,"","mid",13425,FALSE,0.290329882014355,9200
"288","OL3_3_1_S78_L001",13,0.640359205363144,1.6853377961333,"OL3.3_1",28.25061269,31071,30914,"OL3.3","A.albopictus","Adult","F","8/30/19",15,2.57,3.05,6.31,"","D","C","OL",23.83854866,24.12313652,22.65111923,"","mid",31071,FALSE,0.249657640803049,9200
"289","OL3_3_2_S79_L001",9,0.440947386022732,1.33072303666469,"OL3.3_2",27.60364834,43605,43524,"OL3.3","A.albopictus","Adult","M","9/1/19",17,2.32,2.24,6.3,"","D","C","OL",23.36704636,22.82760429,23.50547028,"","mid",43605,FALSE,0.200683803818228,9200
"290","OL3_3_3_S80_L001",13,0.499554246587462,1.30896963088386,"OL3.3_3",27.37092366,67033,66743,"OL3.3","A.albopictus","Adult","M","9/2/19",18,2.35,2.31,4.62,"","D","C","OL",23.76592827,23.46290016,23.28615952,"","mid",67033,FALSE,0.194761836187619,9200
"291","OL3_3_4_S81_L001",7,0.394632912887484,1.25224791372154,"OL3.3_4",30.31547792,38063,37660,"OL3.3","A.albopictus","Adult","M","9/2/19",18,2.44,2.15,6.16,"","D","C","OL",25.88256073,25.74209785,24.21931458,"","mid",38063,FALSE,0.202801199777424,9200
"292","OL3_3_5_S82_L001",14,0.681034180342819,1.49763481986801,"OL3.3_5",27.51631044,34359,34083,"OL3.3","A.albopictus","Adult","M","9/3/19",19,2.63,2.6,6.26,"","D","C","OL",24.12549973,22.89544678,23.58956909,"","mid",34359,FALSE,0.258059638455109,9200
"293","OL3_3_6_S83_L001",11,1.15764683714979,2.74472121103949,"OL3.3_6",28.65100631,34746,34540,"OL3.3","A.albopictus","Adult","M","9/5/19",21,2.41,2.54,6.42,"","D","C","OL",26.14922142,26.21922874,25.82003593,"","late",34746,FALSE,0.482776228921292,9200
"294","OL3_4_1_S84_L001",10,0.81416138882896,2.05397927422312,"OL3.4_1",27.71467848,38462,38213,"OL3.4","A.albopictus","Adult","F","8/29/19",14,2.61,2.42,7.62,"","D","C","OL",21.3203125,20.93769646,22.80036926,"","mid",38462,FALSE,0.353585798547105,9200
"295","OL3_4_2_S85_L001",11,0.73743830088377,2.02482302893621,"OL3.4_2",27.79325438,31239,31111,"OL3.4","A.albopictus","Adult","F","8/30/19",15,2.72,3,6.98,"","D","C","OL",20.80007172,20.45063972,22.56747818,"","mid",31239,FALSE,0.307535658145391,9200
"296","OL3_4_3_S86_L001",14,0.939617218418971,2.17628930742575,"OL3.4_3",27.40967837,42644,42142,"OL3.4","A.albopictus","Adult","F","9/3/19",19,2.76,2.88,7.57,"","D","C","OL",20.80472946,20.86345863,22.82571411,"","mid",42644,FALSE,0.356042745973978,9200
"297","OL3_4_4_S87_L001",8,0.460272993687794,1.3235941987792,"OL3.4_4",26.29708322,33148,33078,"OL3.4","A.albopictus","Adult","F","9/3/19",19,3.13,3.14,7.61,"","D","C","OL",23.15842819,23.27330208,22.48309517,"","mid",33148,FALSE,0.221344521816166,9200
"298","OL3_5_1_S88_L001",8,0.742311367901691,2.028936702928,"OL3.5_1",27.06290798,38727,38602,"OL3.5","A.albopictus","Adult","F","8/27/19",12,2.82,2.61,6.89,"","N","H","OL",24.36491013,24.46465683,22.42519569,"","early",38727,FALSE,0.356976309755758,9200
"299","OL3_5_2_S89_L001",13,0.445386837389956,1.29555710853695,"OL3.5_2",30.21872335,37689,37199,"OL3.5","A.albopictus","Adult","M","8/30/19",15,2.12,2.53,6.42,"","N","H","OL",24.94665718,25.30950928,23.04212952,"","mid",37689,FALSE,0.173643520911752,9200
"300","OL3_6_1_S90_L001",10,0.112617720551651,1.0356046861993,"OL3.6_1",28.89624652,39741,39472,"OL3.6","A.albopictus","Adult","M","8/26/19",11,2.41,2.61,7.53,"","N","H","OL",24.36488152,24.56052589,23.25573158,"","early",39741,FALSE,0.0489092546001045,9200
"301","OL3_6_2_S91_L001",9,0.701835155479184,1.93825938536384,"OL3.6_2",27.5146122,51781,51633,"OL3.6","A.albopictus","Adult","F","8/26/19",11,2.3,2.92,6.71,"","N","H","OL",23.38265038,23.76054382,23.16804886,"","early",51781,FALSE,0.319418944571449,9200
"302","OL3_6_3_S92_L001",13,0.749009937375042,1.98195939259314,"OL3.6_3",28.38029756,38333,38031,"OL3.6","A.albopictus","Adult","F","8/26/19",11,2.14,2.64,6.35,"","N","H","OL",26.02344131,25.59441185,23.47595215,"","early",38333,FALSE,0.292017436989991,9200
"303","OL3_6_4_S93_L001",7,0.206542663116283,1.08942868295306,"OL3.6_4",29.14563185,40140,40140,"OL3.6","A.albopictus","Adult","M","8/28/19",13,2.4,2.15,6.49,"","N","H","OL",24.71504593,24.67155075,23.63624763,"","mid",40140,FALSE,0.106141932204092,9200
"304","OL3_6_5_S94_L001",9,0.619988310434999,1.6193292196555,"OL3.6_5",27.0827751,50952,50758,"OL3.6","A.albopictus","Adult","M","8/28/19",13,2.29,2.18,7.01,"","N","H","OL",24.12231445,24.34895706,23.30485535,"","mid",50952,FALSE,0.282168840104017,9200
"305","OL3_7_1_S96_L001",16,1.04122022987396,2.18390852643404,"OL3.7_1",27.15975863,51648,51342,"OL3.7","A.albopictus","Adult","M","8/27/19",12,2.63,2.39,6.31,"","D","H","OL",24.79702187,24.31543541,24.7146225,"","early",51648,FALSE,0.375540815528106,9200
"306","OL3_7_2_S97_L001",18,1.05301174906518,2.41771858658298,"OL3.7_2",27.16550081,43587,43188,"OL3.7","A.albopictus","Adult","F","8/27/19",12,2.88,2.39,7.71,"","D","H","OL",23.26000595,23.84420395,24.62101936,"","early",43587,FALSE,0.364317062740623,9200
"307","OL3_7_3_S98_L001",18,0.977419114831749,1.99399821614432,"OL3.7_3",27.47687992,72002,71673,"OL3.7","A.albopictus","Adult","M","9/1/19",17,2.37,2.41,6.23,"","D","H","OL",24.47485924,24.24618721,24.88529778,"","mid",72002,FALSE,0.338163806147618,9200
"308","OL3_8_1_S99_L001",13,1.12004557458782,2.74998926191575,"OL3.8_1",26.20109815,58399,58183,"OL3.8","A.albopictus","Adult","F","8/24/19",9,2.56,2.38,7.63,"","D","H","OL",20.68154526,20.64660072,24.46085167,"","early",58399,FALSE,0.436673562902741,9200
"309","OL3_8_2_S100_L001",15,1.02243656580432,2.40790886542885,"OL3.8_2",26.73022256,73368,73170,"OL3.8","A.albopictus","Adult","F","8/26/19",11,2.61,2.41,7.81,"","D","H","OL",20.93550682,21.00998878,25.66957474,"","early",73368,FALSE,0.377554509657234,9200
"310","OL3_8_3_S101_L001",11,0.872397935478971,1.87075877171248,"OL3.8_3",26.85815117,78874,78721,"OL3.8","A.albopictus","Adult","M","8/28/19",13,2.29,2.18,7.01,"","D","H","OL",20.98507309,21.37578201,24.61965752,"","mid",78874,FALSE,0.36381819730637,9200
"311","OL3_8_4_S102_L001",20,0.914052574253067,1.88119640179404,"OL3.8_4",28.112961,50971,50352,"OL3.8","A.albopictus","Adult","M","8/28/19",13,2.42,1.99,5.58,"","D","H","OL",21.33387184,21.5819149,24.95266342,"","mid",50971,FALSE,0.305118245152355,9200
"312","OL3_8_5_S464_L001",13,0.863840451424136,2.12690827446726,"OL3.8_5",26.85649045,50671,50448,"OL3.8","A.albopictus","Adult","F","8/30/19",15,2.55,2.55,7.04,"","D","H","OL",24.54693031,24.22942162,22.99457741,"","mid",50671,FALSE,0.336786552495156,9200
"313","SG1_1_1_S103_L001",10,0.695405582667009,1.56516423721026,"SG1.1_1",27.07609374,40655,40355,"SG1.1","A.albopictus","Adult","M","8/31/19",16,2.98,2.67,7.21,"","N","C","SG",23.86195946,24.02859306,23.51266861,"","mid",40655,FALSE,0.302010807236997,9200
"314","SG1_4_1_S104_L001",9,0.630226196557909,1.53263420780159,"SG1.4_1",26.95158029,21863,21804,"SG1.4","A.albopictus","Adult","M","8/31/19",16,3.01,2.76,6.98,"","D","C","SG",24.4039917,23.68664551,23.24004555,"","mid",21863,FALSE,0.286828302877422,9200
"315","SG1_6_1_S105_L001",9,0.231430232136606,1.09689666886063,"SG1.6_1",26.51601971,54121,54024,"SG1.6","A.albopictus","Adult","M","9/1/19",17,2.77,2.61,7.01,"","N","H","SG",23.51702881,26.74157715,22.70677567,"","mid",54121,FALSE,0.105328437759047,9200
"316","SG2_1_1_S106_L001",32,0.602948537485777,1.34486891039655,"SG2.1_1",26.84340337,33395,32728,"SG2.1","A.albopictus","Adult","F","9/2/19",18,2.35,2.79,5.79,"","N","C","SG",24.67490196,23.90143967,23.29526329,"","mid",33395,FALSE,0.173974172988397,9200
"317","SG2_1_2_S107_L001",19,0.983166420187293,2.03374351485952,"SG2.1_2",26.16694929,44331,43872,"SG2.1","A.albopictus","Adult","M","9/2/19",18,2.96,2.36,7.43,"","N","C","SG",24.24273682,24.26314926,24.7845459,"","mid",44331,FALSE,0.33390619644141,9200
"318","SG2_1_3_S108_L001",5,0.635936450119453,1.51924034249392,"SG2.1_3",NA,35020,35008,"SG2.1","A.albopictus","Adult","F","9/4/19",20,2.71,2.62,7.44,"","N","C","SG",23.80006981,23.74465752,24.81608772,"","mid",35020,FALSE,0.395129532619042,9200
"319","SG2_1_4_S109_L001",13,0.973766755593695,2.22159764577843,"SG2.1_4",32.22163578,47006,46726,"SG2.1","A.albopictus","Adult","F","9/5/19",21,2.07,2.19,6.91,"","N","C","SG",26.56292534,23.59931946,24.85427666,"","late",47006,FALSE,0.379643657587613,9200
"320","SG2_1_5_S110_L001",8,0.438151998007066,1.27493097086295,"SG2.1_5",25.95998689,73105,73044,"SG2.1","A.albopictus","Adult","F","9/6/19",22,2.12,2.59,6.29,"","N","C","SG",20.97624207,19.55130196,24.0646019,"","late",73105,FALSE,0.210706571560129,9200
"321","SG2_1_6_S111_L001",11,0.395523857390145,1.20802153703728,"SG2.1_6",26.43881071,58319,58259,"SG2.1","A.albopictus","Adult","F","9/6/19",22,2.09,2.88,7.62,"","N","C","SG",20.25111198,20.13650894,23.83777618,"","late",58319,FALSE,0.164946260112755,9200
"322","SG2_1_7_S112_L001",12,0.754248677076355,1.61719552692583,"SG2.1_7",26.91927608,61458,61099,"SG2.1","A.albopictus","Adult","F","9/9/19",25,2.63,2.78,6.99,"","N","C","SG",19.2897892,20.41608047,24.64521599,"","late",61458,FALSE,0.303531996721367,9200
"323","SG2_2_1_S113_L001",11,0.801771609241192,1.81651756156554,"SG2.2_1",27.92848919,35609,35458,"SG2.2","A.albopictus","Adult","F","9/2/19",18,2.79,2.87,6.25,"","N","C","SG",20.50574875,21.52557182,22.97858238,"","mid",35609,FALSE,0.33436473157792,9200
"324","SG2_2_2_S114_L001",13,0.688070409989794,1.83538687478936,"SG2.2_2",27.06934169,54666,54478,"SG2.2","A.albopictus","Adult","M","9/2/19",18,2.38,2.61,6,"","N","C","SG",24.41205597,23.25391197,22.92505455,"","mid",54666,FALSE,0.26825886756328,9200
"325","SG2_2_3_S115_L001",13,0.590845877305531,1.50981975064,"SG2.2_3",26.05383561,46695,46558,"SG2.2","A.albopictus","Adult","M","9/4/19",20,2.35,2.41,6.03,"","N","C","SG",23.94521332,23.18900681,23.47599792,"","mid",46695,FALSE,0.230353817936692,9200
"326","SG2_2_4_S116_L001",14,0.467354204695884,1.26892412025659,"SG2.2_4",28.03877031,37925,37713,"SG2.2","A.albopictus","Adult","M","9/5/19",21,1.94,2.26,6.81,"","N","C","SG",25.04266167,24.23313141,23.09056473,"","late",37925,FALSE,0.177091342219541,9200
"327","SG2_2_5_S117_L001",12,0.180905684109318,1.06479059554402,"SG2.2_5",25.97299703,56834,56637,"SG2.2","A.albopictus","Adult","M","9/8/19",24,2.12,2.55,6.68,"","N","C","SG",23.59614563,25.2640419,23.53245544,"","late",56834,FALSE,0.0728018028865399,9200
"328","SG2_2_6_S118_L001",10,0.331167277002443,1.17638366430058,"SG2.2_6",25.0702327,74565,74487,"SG2.2","A.albopictus","Adult","F","9/14/19",30,2.51,2.16,6.4,"","N","C","SG",22.10224152,22.51653481,22.85942841,"","late",74565,FALSE,0.143824120989087,9200
"329","SG2_3_1_S119_L001",14,1.0393826144504,2.46423467899063,"SG2.3_1",26.8297864,33850,33701,"SG2.3","A.albopictus","Adult","F","9/3/19",19,2.79,3.08,7.51,"","D","C","SG",24.06548309,24.03174019,24.72895241,"","mid",33850,FALSE,0.393846167260764,9200
"330","SG2_4_1_S120_L001",15,0.3570301748296,1.20744126191992,"SG2.4_1",26.88893955,40768,40451,"SG2.4","A.albopictus","Adult","M","8/29/19",14,2.6,2.6,6.21,"","D","C","SG",24.25544739,24.58511734,24.55799294,"","mid",40768,FALSE,0.13184030882599,9200
"331","SG2_4_2_S121_L001",6,0.455828942077756,1.3398898865067,"SG2.4_2",27.07336595,44715,44658,"SG2.4","A.albopictus","Adult","F","9/3/19",19,3.2,3.22,7.21,"","D","C","SG",23.13216782,22.58800507,24.30283165,"","mid",44715,FALSE,0.254402976463209,9200
"332","SG2_5_1_S122_L001",11,0.73318083877576,1.87636451537544,"SG2.5_1",26.4012766,54392,54251,"SG2.5","A.albopictus","Adult","F","8/27/19",12,2.93,2.99,6.88,"","N","H","SG",19.80718231,20.33672523,23.59868431,"","early",54392,FALSE,0.30576015854109,9200
"333","SG2_5_2_S123_L001",14,0.324323546570494,1.14371846818586,"SG2.5_2",27.13147069,40048,39876,"SG2.5","A.albopictus","Adult","M","8/27/19",12,2.73,2.78,6.56,"","N","H","SG",20.33911705,19.78963089,24.16260338,"","early",40048,FALSE,0.122893710163461,9200
"334","SG2_5_3_S124_L001",12,0.306317206773578,1.1658872091732,"SG2.5_3",28.91587805,62685,62162,"SG2.5","A.albopictus","Adult","M","8/27/19",12,2.81,2.53,6.21,"","N","H","SG",20.94073486,20.14508629,24.25942802,"","early",62685,FALSE,0.123271112337243,9200
"335","SG2_5_4_S125_L001",7,1.02820337911393,2.58972602081682,"SG2.5_4",25.25198361,57958,57901,"SG2.5","A.albopictus","Adult","M","8/28/19",13,2.25,2.24,6.5,"","N","H","SG",18.77474213,20.89191437,23.54012489,"","mid",57958,FALSE,0.528392012145624,9200
"336","SG2_5_5_S126_L001",7,0.713191488478206,1.74745205221975,"SG2.5_5",25.02476662,55490,55381,"SG2.5","A.albopictus","Adult","F","9/1/19",17,2.8,2.48,6.34,"","N","H","SG",23.44813728,23.26021194,22.34128761,"","mid",55490,FALSE,0.366507923721165,9200
"337","SG2_5_6_S127_L001",8,0.484503741257594,1.38779679323185,"SG2.5_6",25.70242499,34610,34504,"SG2.5","A.albopictus","Adult","F","9/3/19",19,2.74,2.67,7.31,"","N","H","SG",23.36654282,23.33204842,23.07901192,"","mid",34610,FALSE,0.23299704826816,9200
"338","SG2_6_1_S128_L001",8,0.636619445869831,1.73456193765324,"SG2.6_1",28.24039213,43587,43416,"SG2.6","A.albopictus","Adult","M","8/26/19",11,2.8,2.1,7,"","N","H","SG",24.30522728,24.46644783,23.89948654,"","early",43587,FALSE,0.306149239163295,9200
"339","SG2_6_2_S129_L001",9,0.668182500320401,1.79339914695732,"SG2.6_2",27.9638998,31146,31004,"SG2.6","A.albopictus","Adult","F","8/27/19",12,2.55,2.66,6.15,"","N","H","SG",25.41758347,25.08804131,22.75914001,"","early",31146,FALSE,0.304102961168614,9200
"340","SG2_6_3_S130_L001",10,0.822642626227421,1.84712742224333,"SG2.6_3",26.84206042,32802,32707,"SG2.6","A.albopictus","Adult","F","8/28/19",13,2.91,2.3,6.57,"","N","H","SG",26.23536682,25.71041298,23.29417038,"","mid",32802,FALSE,0.357269153148968,9200
"341","SG2_6_4_S131_L001",8,0.525652426368517,1.36146600806714,"SG2.6_4",24.05784643,61898,61801,"SG2.6","A.albopictus","Adult","F","8/31/19",16,2.53,2.89,6.32,"","N","H","SG",22.8915062,22.61523247,24.14203644,"","mid",61898,FALSE,0.252785382917704,9200
"342","SG2_7_1_S132_L001",17,0.727493724962989,1.77997678375272,"SG2.7_1",28.83747939,67240,66719,"SG2.7","A.albopictus","Adult","M","8/25/19",10,2.91,2.19,6.07,"","D","H","SG",24.1519413,24.31716156,24.59418488,"","early",67240,FALSE,0.256773365298873,9200
"343","SG2_7_2_S133_L001",13,0.305566750970429,1.15952489837238,"SG2.7_2",28.7408796,53892,53480,"SG2.7","A.albopictus","Adult","M","8/28/19",13,2.58,2.44,5.5,"","D","H","SG",23.85400963,23.8502636,23.30236435,"","mid",53892,FALSE,0.119131689708229,9200
"344","SG2_7_3_S134_L001",12,0.676241638751551,1.83392953377108,"SG2.7_3",27.40752585,41973,41815,"SG2.7","A.albopictus","Adult","F","8/29/19",14,2.39,2.46,7.04,"","D","H","SG",20.65795708,20.0649128,23.27593422,"","mid",41973,FALSE,0.272139655149317,9200
"345","SG2_7_4_S135_L001",15,0.786373449881461,1.98643665557667,"SG2.7_4",27.14526972,64080,63705,"SG2.7","A.albopictus","Adult","F","9/3/19",19,2.45,2.31,6.41,"","D","H","SG",19.76153946,20.01447105,23.09932709,"","mid",64080,FALSE,0.29038363083572,9200
"346","SG2_8_1_S136_L001",12,0.720743536689865,1.86740934724865,"SG2.8_1",27.35806462,57092,56746,"SG2.8","A.albopictus","Adult","F","8/28/19",13,2.33,2.49,6.81,"","D","H","SG",21.43252945,19.99762344,25.33081436,"","mid",57092,FALSE,0.290048536330874,9200
"347","SG2_8_2_S137_L001",14,0.433073452417746,1.29555131800611,"SG2.8_2",27.10076239,65015,64679,"SG2.8","A.albopictus","Adult","M","8/29/19",14,2.73,2.36,6.17,"","D","H","SG",19.36223221,20.20501518,23.44885063,"","mid",65015,FALSE,0.164101570495584,9200
"348","SG2_8_3_S138_L001",9,0.634210230372831,1.59320475583667,"SG2.8_3",26.78857721,60458,60345,"SG2.8","A.albopictus","Adult","F","8/30/19",15,2.41,2.21,6.41,"","D","H","SG",23.18609428,22.97434425,22.57222366,"","mid",60458,FALSE,0.288641514806697,9200
"349","SG2_8_4_S139_L001",9,0.700765908751496,1.76445854325019,"SG2.8_4",25.88187151,77113,76851,"SG2.8","A.albopictus","Adult","F","9/1/19",17,2.43,2.4,6.74,"","D","H","SG",22.77605629,22.34625053,21.59624672,"","mid",77113,FALSE,0.318932309414207,9200
"350","SG2_8_5_S140_L001",11,0.141514877638855,1.04907247194419,"SG2.8_5",25.79023044,45562,45423,"SG2.8","A.albopictus","Adult","M","9/2/19",18,2.4,2.17,7.04,"","D","H","SG",24.31830025,23.80946159,23.44977951,"","mid",45562,FALSE,0.0590162878438414,9200
"351","SG3_3_1_S141_L001",23,0.46227180249002,1.20933431204066,"SG3.3_1",28.21623066,32630,31859,"SG3.3","A.albopictus","Adult","M","9/3/19",19,3.42,2.79,7.21,"","D","C","SG",24.81376648,24.96126175,24.26336098,"","mid",32630,FALSE,0.14743187856688,9200
"352","SG3_5_1_S142_L001",13,0.78138585339407,1.88852549846341,"SG3.5_1",27.27557322,44906,44591,"SG3.5","A.albopictus","Adult","F","8/29/19",14,2.49,2.21,6.49,"","N","H","SG",25.11198235,25.26467896,23.61369896,"","mid",44906,FALSE,0.30463987568448,9200
"353","SG3_5_2_S143_L001",12,0.685072777618569,1.60622419466283,"SG3.5_2",22.17228922,58620,58568,"SG3.5","A.albopictus","Adult","F","8/29/19",14,2.38,2.12,6.01,"","N","H","SG",23.35663605,22.98440552,23.95278549,"","mid",58620,FALSE,0.275693566869812,9200
"354","SG3_5_3_S144_L001",6,0.341354829056558,1.2183820571477,"SG3.5_3",25.80560921,38064,38009,"SG3.5","A.albopictus","Adult","F","8/30/19",15,2.76,2.9,6.47,"","N","H","SG",21.9112072,22.19952774,23.64299965,"","mid",38064,FALSE,0.19051375752105,9200
"355","SG3_6_1_S145_L001",7,0.294404134898561,1.15704033893189,"SG3.6_1",27.85152686,29050,28941,"SG3.6","A.albopictus","Adult","M","8/27/19",12,2.62,2.39,6.01,"","N","H","SG",23.22021484,23.58190346,23.762743,"","early",29050,FALSE,0.151293796911171,9200
"356","SG3_6_2_S146_L001",7,0.375707608512831,1.2562748434881,"SG3.6_2",24.77571054,44835,44778,"SG3.6","A.albopictus","Adult","M","8/29/19",14,2.51,2.06,6.21,"","N","H","SG",18.71529579,19.114151,23.65268707,"","mid",44835,FALSE,0.193075517230447,9200
"357","SG3_8_1_S148_L001",15,1.36582878271,2.94652776211216,"SG3.8_1",27.11785004,35113,34034,"SG3.8","A.albopictus","Adult","F","8/29/19",14,2.21,2.4,5.98,"","D","H","SG",20.87402534,23.24341202,24.44379997,"","mid",35113,FALSE,0.504358738310718,9200
"358","SW1_2_1_S149_L001",7,0.771611157464468,1.8466707367313,"SW1.2_1",23.80862444,59092,58942,"SW1.2","A.albopictus","Adult","F","9/12/19",28,2.81,2.8,5.89,"","N","C","SW",19.26706123,18.88101959,23.45544243,"","late",59092,FALSE,0.396529694774995,9200
"359","SW1_2_2_S150_L001",11,0.582963651183648,1.41135757324402,"SW1.2_2",26.57666051,45714,45487,"SW1.2","A.albopictus","Adult","M","9/13/19",29,2.81,2.8,7.41,"","N","C","SW",23.85803604,22.68267632,22.25516701,"","late",45714,FALSE,0.243114725566527,9200
"360","SW1_2_3_S151_L001",9,0.72202413526252,1.56448014916091,"SW1.2_3",24.93854168,40761,40615,"SW1.2","A.albopictus","Adult","F","9/13/19",29,3.17,2.71,6.99,"","N","C","SW",22.73254204,22.55797005,23.73515892,"","late",40761,FALSE,0.328607345243634,9200
"361","SW1_3_1_S152_L001",13,0.505001564245422,1.28628868238903,"SW1.3_1",25.71484268,46324,46203,"SW1.3","A.albopictus","Adult","M","9/13/19",29,2.66,2.58,6.01,"","D","C","SW",23.13561249,23.3866539,23.03475761,"","late",46324,FALSE,0.196885588706207,9200
"362","SW1_4_1_S153_L001",8,0.643600817960067,1.58110788289131,"SW1.4_1",24.74800122,46069,45933,"SW1.4","A.albopictus","Adult","M","9/6/19",22,2.85,2.72,5.67,"","D","C","SW",24.26335907,24.63942719,23.06074142,"","late",46069,FALSE,0.309506569461023,9200
"363","SW1_4_2_S154_L001",12,0.726521870581771,1.82585998458287,"SW1.4_2",24.30484075,42887,42590,"SW1.4","A.albopictus","Adult","M","9/9/19",25,2.22,2.31,6.41,"","D","C","SW",23.57344437,23.53178024,23.24720192,"","late",42887,FALSE,0.29237390895298,9200
"364","SW1_4_3_S155_L001",80,0.926177155643278,1.48130413568074,"SW1.4_3",27.19844526,85592,81113,"SW1.4","A.albopictus","Adult","F","9/11/19",27,2.31,2.41,6.78,"","D","C","SW",22.99076653,22.83268547,25.42762375,"","late",85592,FALSE,0.211358175761569,9200
"365","SW1_4_4_S156_L001",12,0.468848147572841,1.25615779265293,"SW1.4_4",27.0334868,79090,78762,"SW1.4","A.albopictus","Adult","M","9/11/19",27,2.21,2.28,6.03,"","D","C","SW",22.76736069,22.8860836,24.47917175,"","late",79090,FALSE,0.188678374542899,9200
"366","SW1_4_5_S157_L001",16,0.161919098952987,1.05315315223396,"SW1.4_5",23.84748305,82324,82152,"SW1.4","A.albopictus","Adult","M","9/11/19",27,2.43,2.57,5.87,"","D","C","SW",20.08437729,20.07344818,24.67737579,"","late",82324,FALSE,0.0583999702711709,9200
"367","SW1_5_1_S158_L001",15,1.17832207533024,2.50939883117278,"SW1.5_1",23.43718307,57871,57520,"SW1.5","A.albopictus","Adult","F","9/3/19",19,2.31,2.21,6.73,"","N","H","SW",22.45518875,21.90499878,24.04989243,"","mid",57871,FALSE,0.435118254030391,9200
"368","SW1_8_1_S159_L001",7,0.736602765249567,1.56091078111339,"SW1.8_1",27.79796652,39969,39722,"SW1.8","A.albopictus","Adult","F","9/3/19",19,2.61,2.45,6.76,"","D","H","SW",19.95973206,19.5988884,23.94446945,"","mid",39969,FALSE,0.378538940046727,9200
"369","SW1_8_2_S160_L001",13,0.885234334958552,1.93812392809542,"SW1.8_2",24.37557522,80476,79764,"SW1.8","A.albopictus","Adult","F","9/5/19",21,2.41,2.29,5.12,"","D","H","SW",19.22801208,20.21088028,23.86969948,"","late",80476,FALSE,0.345127412509479,9200
"370","SW2_1_1_S161_L001",9,1.33157486812701,3.25595440740591,"SW2.1_1",27.2732511,37238,37181,"SW2.1","A.albopictus","Adult","F","9/1/19",17,3.18,3.05,7.12,"","N","C","SW",20.71426582,20.94275665,23.05601692,"","mid",37238,FALSE,0.606025839079833,9200
"371","SW2_1_2_S162_L001",10,0.773594183329172,1.9821961131064,"SW2.1_2",27.76447361,44655,44403,"SW2.1","A.albopictus","Adult","F","9/5/19",21,2.4,3.02,6.36,"","N","C","SW",24.09288788,24.15967751,22.64419556,"","late",44655,FALSE,0.335967685052312,9200
"372","SW2_1_3_S163_L001",12,0.229064552519391,1.09365755628215,"SW2.1_3",25.91683056,50095,49926,"SW2.1","A.albopictus","Adult","M","9/6/19",22,2.48,2.63,5.34,"","N","C","SW",22.53759956,23.02482033,22.9607029,"","late",50095,FALSE,0.0921823572482826,9200
"373","SW2_1_4_S164_L001",11,0.764792952649199,2.0386744049583,"SW2.1_4",27.1214945,46270,46112,"SW2.1","A.albopictus","Adult","M","9/6/19",22,1.9,1.82,6.16,"","N","C","SW",26.13970947,25.61489868,23.32988167,"","late",46270,FALSE,0.318943433987706,9200
"374","SW2_1_5_S165_L001",8,0.445493492233536,1.30565319759312,"SW2.1_5",26.27475238,38524,38451,"SW2.1","A.albopictus","Adult","F","9/7/19",23,2.62,3.06,7.51,"","N","C","SW",23.23168755,23.33774376,22.77463913,"","late",38524,FALSE,0.214237083997876,9200
"375","SW2_1_6_S166_L001",16,0.919689423066331,1.73999342404187,"SW2.1_6",27.16132709,34889,34621,"SW2.1","A.albopictus","Adult","M","9/9/19",25,2.64,2.77,6.84,"","N","C","SW",24.14352226,25.14865494,23.21735764,"","late",34889,FALSE,0.331707842453957,9200
"376","SW2_1_8_S167_L001",12,0.520595038203689,1.27876546193484,"SW2.1_8",25.69528862,125378,124840,"SW2.1","A.albopictus","Adult","M","9/22/19",38,2.24,2.23,6.91,"","N","C","SW",24.23282814,25.739645,23.16219902,"was listed as day 34, changed to 38 based on 9/22 date","late",125378,FALSE,0.209502855267462,9200
"377","SW2_2_1_S168_L001",10,1.09965082313525,2.41535664578646,"SW2.2_1",26.913171,31161,31057,"SW2.2","A.albopictus","Adult","F","9/17/19",33,3.47,2.84,6.94,"","N","C","SW",23.06884193,23.4920845,24.28453064,"","late",31161,FALSE,0.477572284508008,9200
"378","SW2_2_3_S169_L001",13,0.990048860128636,1.93233265106588,"SW2.2_3",27.91014186,56769,56571,"SW2.2","A.albopictus","Adult","F","9/22/19",38,2.41,2.45,7.01,"","N","C","SW",23.70467949,23.59632874,25.41029549,"was listed as day 34, changed to 38 based on 9/22 date","late",56769,FALSE,0.385991581957962,9200
"379","SW2_3_1_S170_L001",13,0.666503560532131,1.69491925924499,"SW2.3_1",29.88620884,33730,33341,"SW2.3","A.albopictus","Adult","F","9/10/19",26,2.98,3.66,7.17,"","D","C","SW",22.45298386,22.25155067,25.26425552,"","late",33730,FALSE,0.259850573109074,9200
"380","SW2_3_2_S171_L001",11,1.27483952289655,2.8956006643734,"SW2.3_2",25.47838225,46048,45938,"SW2.3","A.albopictus","Adult","M","9/11/19",27,2.51,2.5,6.98,"","D","C","SW",20.08098984,20.63186646,24.14100266,"","late",46048,FALSE,0.531649374915694,9200
"381","SW2_3_3_S172_L001",11,0.685993735452681,1.47747322891475,"SW2.3_3",27.31284657,30824,30693,"SW2.3","A.albopictus","Adult","M","9/12/19",28,2.98,2.92,5.97,"","D","C","SW",20.30617905,20.28045845,24.81819344,"","late",30824,FALSE,0.286081607997883,9200
"382","SW2_3_4_S173_L001",10,0.21789576203323,1.08276713422063,"SW2.3_4",26.85051437,44035,43908,"SW2.3","A.albopictus","Adult","M","9/13/19",29,2.61,2.54,7.01,"","D","C","SW",22.63306618,22.53680229,22.10288048,"","late",44035,FALSE,0.094630927081136,9200
"383","SW2_4_1_S174_L001",15,0.737281670316835,1.471417011785,"SW2.4_1",28.87432037,42858,42621,"SW2.4","A.albopictus","Adult","M","9/9/19",25,2.66,2.77,6.84,"","D","C","SW",24.73001099,24.75305557,23.29416275,"","late",42858,FALSE,0.272255540173056,9200
"384","SW2_4_2_S175_L001",11,1.38127956472252,3.5813396969249,"SW2.4_2",27.44338898,28271,28101,"SW2.4","A.albopictus","Adult","F","9/12/19",28,2.59,2.47,7.8,"","D","C","SW",25.37465477,25.26083946,23.01518631,"","late",28271,FALSE,0.576038320101675,9200
"385","SW2_4_3_S176_L001",10,0.632617544005798,1.44536718661975,"SW2.4_3",26.1408127,37659,37477,"SW2.4","A.albopictus","Adult","M","9/12/19",28,2.58,2.21,7.12,"","D","C","SW",22.58162689,22.13149452,23.10393715,"","late",37659,FALSE,0.274742308516906,9200
"386","SW2_4_4_S177_L001",11,0.69665223002627,1.62691970855225,"SW2.4_4",26.91531175,53609,53379,"SW2.4","A.albopictus","Adult","M","9/15/19",31,2.35,2.24,5.6,"","D","C","SW",26.6020298,26.35889816,23.3337574,"","late",53609,FALSE,0.290526545478889,9200
"387","SW2_4_5_S178_L001",9,0.325067759457979,1.14552941581221,"SW2.4_5",26.32792208,37215,37082,"SW2.4","A.albopictus","Adult","M","9/16/19",32,2.72,2.71,7.12,"","D","C","SW",23.76101875,24.07833862,22.99433899,"","late",37215,FALSE,0.147944712985175,9200
"388","SW2_5_1_S179_L001",12,0.853612788027059,1.91197557225311,"SW2.5_1",27.08539348,54315,54088,"SW2.5","A.albopictus","Adult","F","9/8/19",24,1.98,2.5,5.54,"","N","H","SW",23.92022324,23.36252403,24.87836266,"","late",54315,FALSE,0.343519056581013,9200
"389","SW2_6_1_S180_L001",8,0.888087696662959,2.11730997968443,"SW2.6_1",25.89644097,50126,50001,"SW2.6","A.albopictus","Adult","M","9/6/19",22,2.29,2.5,5.67,"","N","H","SW",21.88576317,22.35580063,25.1097126,"","late",50126,FALSE,0.427079905283384,9200
"390","SW2_8_1_S181_L001",11,0.822407006801664,1.8692874264846,"SW2.8_1",27.92636199,42076,41859,"SW2.8","A.albopictus","Adult","F","9/4/19",20,2.68,2.9,6.55,"","D","H","SW",23.96713448,23.99742699,23.8000412,"","mid",42076,FALSE,0.342970360770554,9200
"391","SW3_1_1_S182_L001",11,0.408889454529187,1.19276016002941,"SW3.1_1",27.65786955,36618,36401,"SW3.1","A.albopictus","Adult","M","9/3/19",19,2.74,2.42,6.34,"","N","C","SW",21.30607224,20.65884972,24.27055931,"","mid",36618,FALSE,0.170520147050462,9200
"392","SW3_2_1_S183_L001",5,0.035586796377901,1.00940661059244,"SW3.2_1",25.34214495,52301,52224,"SW3.2","A.albopictus","Adult","M","9/12/19",28,2.52,2.54,6.67,"","N","C","SW",19.21381378,18.86706543,24.80766106,"","late",52301,FALSE,0.0221113197986493,9200
"393","SW3_2_2_S184_L001",23,0.856113016247238,1.6155240562297,"SW3.2_2",28.33852435,40856,38131,"SW3.2","A.albopictus","Adult","M","9/12/19",28,2.31,2.34,6.71,"","N","C","SW",21.19233894,18.81298447,23.9791832,"","late",40856,FALSE,0.273039258659115,9200
"394","SW3_2_3_S185_L001",11,0.437119916173399,1.20968866867016,"SW3.2_3",26.35634478,45625,45512,"SW3.2","A.albopictus","Adult","M","9/16/19",32,2.45,2.35,6.66,"","N","C","SW",23.55317688,23.08093452,22.94342613,"","late",45625,FALSE,0.182293163980959,9200
"395","SW3_2_5_S186_L001",11,0.568234002164542,1.37667661287327,"SW3.2_5",26.09778857,58484,58327,"SW3.2","A.albopictus","Adult","F","9/22/19",38,2.32,2.4,7.21,"","N","C","SW",22.74755287,22.70573044,22.37865067,"was listed as day 34, changed to 38 based on 9/22 date","late",58484,FALSE,0.236971984811249,9200
"396","SW3_3_1_S187_L001",11,0.842957096248654,2.0988587257299,"SW3.3_1",25.74505133,55724,55445,"SW3.3","A.albopictus","Adult","M","9/8/19",24,2.05,2.61,6.03,"","D","C","SW",24.08059311,23.1186409,22.82098961,"","late",55724,FALSE,0.351540413716615,9200
"397","SW3_3_2_S188_L001",7,0.16375452653916,1.05732954733404,"SW3.3_2",25.36428265,50121,50036,"SW3.3","A.albopictus","Adult","M","9/11/19",27,2.62,2.55,6.02,"","D","C","SW",22.51204681,22.81804848,22.30898666,"","late",50121,FALSE,0.0841531797440175,9200
"398","SW3_4_1_S189_L001",7,0.459230563456955,1.3252163622385,"SW3.4_1",27.02163815,23509,23436,"SW3.4","A.albopictus","Adult","F","9/9/19",25,2.83,3.1,6.67,"","D","C","SW",24.00303841,23.96780586,22.76717567,"","late",23509,FALSE,0.235997825326056,9200
"399","SW3_4_2_S467_L001",7,0.542647687686613,1.37817504158217,"SW3.4_2",23.67596516,19229,19226,"SW3.4","A.albopictus","Adult","F","9/10/19",26,2.3,2.31,7.06,"","D","C","SW",23.25438118,22.68120766,22.8678627,"","late",19229,FALSE,0.278865747192929,9200
"400","SW3_4_3_S190_L001",11,1.08734329615317,2.17375102157823,"SW3.4_3",26.63724253,24006,23826,"SW3.4","A.albopictus","Adult","M","9/11/19",27,2.31,2.29,6.48,"","D","C","SW",26.09192085,25.20227432,24.33673859,"","late",24006,FALSE,0.453457375093877,9200
"401","SW3_5_1_S191_L001",12,1.10740757781777,2.40364872968414,"SW3.5_1",20.12132727,29054,28839,"SW3.5","A.albopictus","Adult","F","9/4/19",20,2.42,2.32,6.42,"","N","H","SW",24.07170105,24.83250618,22.7266655,"","mid",29054,FALSE,0.44565359343066,9200
"402","SW3_6_1_S192_L001",10,1.07712908471805,2.36167435568758,"SW3.6_1",24.42353899,24506,24375,"SW3.6","A.albopictus","Adult","F","9/2/19",18,2.41,2.41,6.12,"","N","H","SW",25.3170433,25.84208298,22.533741,"","mid",24506,FALSE,0.467791217790548,9200
"403","SW3_6_2_S193_L001",7,0.865735448146182,1.82386057844307,"SW3.6_2",25.36330521,21680,21642,"SW3.6","A.albopictus","Adult","F","9/6/19",22,3.16,2.98,7.62,"","N","H","SW",23.26082039,23.17960358,22.14616394,"","late",21680,FALSE,0.444900011733056,9200
"404","SW3_8_1_S195_L001",10,0.498643848683756,1.25228118908833,"SW3.8_1",26.43793478,20067,19983,"SW3.8","A.albopictus","Adult","F","9/1/19",17,2.23,2.32,6.01,"","D","H","SW",23.94817162,23.56150055,23.0279007,"","mid",20067,FALSE,0.216558271918355,9200
"405","SW3_8_2_S196_L001",5,0.0912386187620881,1.02857966443075,"SW3.8_2",25.95414366,15221,15213,"SW3.8","A.albopictus","Adult","M","9/1/19",17,2.16,2,5.85,"","D","H","SW",23.1981411,22.63860321,22.80572319,"","mid",15221,FALSE,0.0566897412178514,9200
"406","SW3_8_3_S197_L001",12,0.483254164096459,1.26921681075267,"SW3.8_3",22.48568379,20333,20264,"SW3.8","A.albopictus","Adult","F","9/3/19",19,2.88,3.15,7.81,"","D","H","SW",25.07369041,24.29316521,22.43276215,"","mid",20333,FALSE,0.194475782073217,9200
